id,domain,status,purchase_price,renewal_price,attractiveness,demand,length,registrar,created_at,expires_at,status_verified_at
debb0591-8206-46c4-ac63-ff11cc6c8a0e,hanger.sexy,available,2749.99,2749.99,medium,low,6,namesilo,,,29/09/2026 22:02
85e3485b-fe3f-48f6-b0eb-2153a4729f95,joker.sexy,premium,11000,11000,high,low,5,dynadot,,,28/09/2026 19:34
e5ea8f17-97d3-4aca-bdf0-a03a491e7abc,ema.sexy,premium,34500,34500,high,low,3,namesilo,,,01/10/2026 16:52
32e9bdfa-d286-40bc-a51d-c09f7a3d5648,apolune.sexy,available,2998,3298,medium,low,7,namecheap,,,19/09/2026 18:55
63cd5fd9-469d-42a3-938a-cdcd75004299,gardiner.sexy,available,2749.99,2749.99,medium,low,8,namesilo,,,25/09/2026 06:17
d66fea83-2a77-4b69-8a5f-d4687aa08f16,bacillus.sexy,available,2749.99,2749.99,medium,low,8,namesilo,,,21/09/2026 11:42
ae96ccc1-6f56-4a4c-aad5-e72668067f13,glucose.sexy,available,2749.99,2749.99,high,low,7,namesilo,,,29/09/2026 01:05
edeb6aea-534b-4c47-b818-a1a2ff09c236,texting.sexy,available,2998,3298,high,low,7,namecheap,,,17/09/2026 10:22
74b1321f-ea04-4244-a7b9-0b0e03fa1437,variance.sexy,available,2749.99,2749.99,high,low,8,namesilo,,,13/09/2026 01:16
d5f61fe5-9959-4708-ab4e-707b4623c5ff,tbi.sexy,premium,27291.98,27291.98,high,low,3,porkbun,,,02/10/2026 18:59
7cbfef5f-78c4-4591-b3d5-cde9d47d7b90,lxxv.sexy,premium,12500,12500,medium,low,4,name.com,,,
0bda1a76-3c3b-4de9-b28d-b2725c9d6ee2,darwinian.sexy,available,2999,2999,medium,low,9,name.com,,,13/08/2026 18:25
9f4c4f83-1ac0-47b0-bf11-8d5ff0833c83,huxley.sexy,available,2749.99,2749.99,high,low,6,namesilo,,,18/09/2026 04:39
1aea1c87-06c8-4419-82d5-ec3dd9e9c356,bereaved.sexy,available,2749.99,2749.99,medium,low,8,namesilo,,,09/08/2026 15:03
269c1e10-ec45-45b6-b147-8bbd89ac0372,taiping.sexy,available,2749.99,2749.99,high,low,7,namesilo,,,01/10/2026 23:31
da4a9343-e937-4807-b0a2-da9e80e78f3c,boone.sexy,premium,12500,12500,high,low,5,name.com,,,25/09/2026 01:56
bfdeb788-4efd-445c-937d-6e1b880be2e9,overwhelming.sexy,available,2587.7,2587.7,high,low,12,spaceship,,,28/09/2026 07:20
781c0e6a-974b-460b-9efe-969838234ec8,crime.sexy,premium,13000,13000,high,low,5,namecheap,,,24/09/2026 19:24
b77d06e3-2f21-402a-8288-0f8110fd9701,descendent.sexy,available,2749.99,2749.99,medium,low,10,namesilo,,,14/08/2026 03:16
f9bb6e4a-6d3d-44a2-9fc2-96231118327d,evolved.sexy,available,2587.7,2587.7,high,low,7,spaceship,,,28/09/2026 21:24
7f7f8804-bc41-49b4-82e4-8fddbfa257bd,trebuchet.sexy,available,2749.99,2749.99,medium,low,9,namesilo,,,20/09/2026 00:39
40bd4afe-7c0c-442e-93ed-432be6287c86,dewy.sexy,premium,12500,12500,medium,low,4,name.com,,,09/08/2026 06:51
ef401676-b73e-40c6-a44c-c0eb22301322,neuronic.sexy,available,2749.99,2749.99,medium,low,8,namesilo,,,03/09/2026 16:21
f79cd5f3-dc32-4273-8f3d-27565a362cd4,rugby.sexy,premium,13000,13000,high,high,5,namecheap,,,30/09/2026 02:45
e1a71889-5063-433b-8b92-aa3927e22fe2,wednesday.sexy,available,2749.99,2749.99,high,low,9,namesilo,,,13/09/2026 09:32
6834ffbc-bdb1-4186-bd7c-5b4ec819cbe5,bad.sexy,premium,34500,34500,high,medium,3,namesilo,,,22/09/2026 16:05
668ba488-148d-415e-a9cd-3a00ab111869,pitted.sexy,available,2749.99,2749.99,medium,low,6,namesilo,,,
d2405d10-0c94-4a2a-9c11-f6727703a9e8,squire.sexy,available,2587.7,2587.7,high,low,6,spaceship,,,29/09/2026 08:07
2adaa27c-c442-48e4-96da-bf442daa94bb,cleaning.sexy,available,2749.99,2749.99,high,low,8,namesilo,,,12/08/2026 10:25
7fb38cdd-003c-4db5-896a-25611318b66f,vienne.sexy,available,2575.18,2575.18,medium,low,6,porkbun,,,02/10/2026 04:28
51451c18-55f2-4880-895a-70a6d4cee239,rustic.sexy,available,2749.99,2749.99,high,low,6,namesilo,,,
3e247699-1f8a-4491-9946-594e28702f9b,persuasion.sexy,available,2575.18,2575.18,high,low,10,porkbun,,,30/09/2026 02:24
d9ac2f40-c71c-4ce5-9d40-b89c62bf2342,tical.sexy,premium,13000,13000,medium,low,5,namecheap,,,21/09/2026 18:48
fe808918-2d9d-41b6-b0aa-1d5efbf705d2,metacarpal.sexy,available,2998,3298,medium,low,10,namecheap,,,24/08/2026 21:30
a198b485-1e78-40ab-a9d5-09ecdd1edd76,reasons.sexy,available,2998,3298,medium,low,7,namecheap,,,25/09/2026 20:13
acb41de8-1d1f-4cf0-a252-2201fab65edb,poulet.sexy,available,2749.99,2749.99,medium,low,6,namesilo,,,12/08/2026 04:55
4a320648-b732-47b4-ab71-55c5afd8e16d,consume.sexy,available,2749.99,2749.99,high,low,7,namesilo,,,29/09/2026 02:37
68ca7860-db99-4ebd-991f-58f5411cabc2,culinary.sexy,available,2749.99,2749.99,high,low,8,namesilo,,,19/09/2026 15:04
7fe29c11-48db-4132-b042-d5938bcad7a0,whispered.sexy,available,2749.99,2749.99,high,low,9,namesilo,,,13/09/2026 11:35
a3058aef-f8c5-4095-8d34-2efda18584fd,fulfill.sexy,available,2749.99,2749.99,high,low,7,namesilo,,,28/09/2026 15:34
dbd37d14-d53d-4c77-a44e-3f5e6e339e5c,manson.sexy,available,2998,3298,high,low,6,namecheap,,,28/09/2026 02:18
38704afc-b507-409c-9fc6-834cf3dc89c0,getable.sexy,available,2749.99,2749.99,medium,low,7,namesilo,,,18/08/2026 23:04
7a449fe8-f7cd-4cad-93ee-0ab7422cd70e,edison.sexy,available,2749.99,2749.99,high,low,6,namesilo,,,29/09/2026 00:45
ebbb3272-980f-44b1-98a3-65b8bb6130fd,otiose.sexy,available,2998,3298,medium,low,6,namecheap,,,17/08/2026 20:56
a86502e4-8fe6-4b5d-8e87-2125dcfdc9c9,deposits.sexy,available,2575.18,2575.18,medium,low,8,porkbun,,,02/10/2026 22:30
ed4391c2-d87a-4333-8f07-d07c51c7462c,precautions.sexy,available,2749.99,2749.99,medium,low,11,namesilo,,,18/09/2026 09:01
0234084e-3084-4192-8030-30c98b53cb12,foreordain.sexy,available,2749.99,2749.99,high,medium,10,namesilo,,,09/09/2026 01:24
3959a026-622a-49f7-b196-e76ab7cf49fd,jacks.sexy,premium,13800,13800,high,low,5,namesilo,,,30/09/2026 00:29
1598abd9-b2f0-4450-a31d-02b46a28adb0,oxidation.sexy,available,2749.99,2749.99,high,low,9,namesilo,,,03/10/2026 01:45
994fe4f4-8a28-4355-8fa4-e1b3db87987c,pulpit.sexy,available,2749.99,2749.99,high,low,6,namesilo,,,18/09/2026 17:14
8f56998b-9e78-44b4-b02c-6a70d420d84b,airhead.sexy,available,2998,3298,high,low,7,namecheap,,,17/09/2026 23:11
2254b671-1be0-4767-9547-0e359dc074b2,syncopated.sexy,available,2749.99,2749.99,medium,low,10,namesilo,,,11/09/2026 06:19
f1dcc61d-c7a5-4b99-bcfc-46d4d1a26eb7,chem.sexy,premium,13000,13000,high,low,4,namecheap,,,18/09/2026 00:59
c2c67da9-bbb3-4916-bdd5-b73fed2819cd,roguish.sexy,available,2749.99,2749.99,medium,low,7,namesilo,,,10/08/2026 11:58
72c5318b-6bdf-4e4d-bfdc-5d20d8de2b4f,glazed.sexy,available,2749.99,2749.99,high,low,6,namesilo,,,20/08/2026 14:05
3766a484-bc00-4fbd-bfa0-ba81b87f26d8,founded.sexy,available,2575.18,2575.18,high,low,7,porkbun,,,28/09/2026 21:04
1d6622de-9eed-45c5-94bb-7ccd3a6fbd9d,solve.sexy,premium,13800,13800,high,low,5,namesilo,,,30/09/2026 19:49
27b0c928-0ff9-4eb1-b62d-13e2c7e7b170,auteur.sexy,available,2749.99,2749.99,high,low,6,namesilo,,,21/09/2026 05:06
2277797c-28dd-4aff-85d2-55edadf1da9b,makeovers.sexy,available,2998,3298,medium,low,9,namecheap,,,21/09/2026 08:55
94e601d9-30e5-48f4-9da3-f9b8e10ae569,flanges.sexy,available,2587.7,2587.7,low,low,7,spaceship,,,30/09/2026 15:50
dcd63622-e086-488f-a8bf-d5f1e3558314,wrinkled.sexy,available,2749.99,2749.99,medium,low,8,namesilo,,,12/09/2026 13:50
3645a4c8-77d9-4e4f-9c4a-ed4e46547486,aps.sexy,premium,25875.2,25875.2,high,low,3,spaceship,,,29/09/2026 10:56
d515eb8c-28cd-47bf-a9f0-dc44ae9222f5,niner.sexy,premium,12500,12500,medium,low,5,name.com,,,
4a2e725d-c6f7-4320-aead-253b83fad93d,upmarket.sexy,available,2749.99,2749.99,high,low,8,namesilo,,,12/09/2026 23:13
b39b84ab-e420-42e3-9141-86f57907105f,dicey.sexy,premium,12500,12500,medium,low,5,name.com,,,12/08/2026 01:44
2d30f5c5-d92a-4880-bd3c-e050b9921f0b,inutile.sexy,available,2749.99,2749.99,medium,low,7,namesilo,,,22/08/2026 08:54
a0a216d2-da9a-4d76-b9b0-e3626dd3db3a,moderation.sexy,available,2998,3298,high,low,10,namecheap,,,29/09/2026 17:29
12bbdda8-751d-4f4f-a27f-0da0843da55d,backslash.sexy,available,2675.22,2675.22,high,low,9,dynadot,,,01/10/2026 00:11
8fcdcde2-fc07-41a8-85c3-80db7a81191a,racism.sexy,available,2749.99,2749.99,medium,low,6,namesilo,,,29/09/2026 02:00
22870978-916d-45ca-beac-bee62c717883,towing.sexy,available,2749.99,2749.99,high,low,6,namesilo,,,30/09/2026 03:48
66a01b9c-baec-41bc-89a9-033b98ecc5ad,coached.sexy,available,2998,3298,medium,low,7,namecheap,,,02/10/2026 03:59
3649d26b-352b-4862-afaf-ab57649bdca7,dobson.sexy,available,2587.7,2587.7,high,low,6,spaceship,,,03/10/2026 00:12
02725c62-de8d-4a8f-a0e6-fe0b621251b6,ossicular.sexy,available,2998,3298,medium,low,9,namecheap,,,04/09/2026 18:22
c57bcd14-490d-4c20-9ca9-626ab0888b58,independent.sexy,available,2587.7,2587.7,high,low,11,spaceship,,,01/10/2026 00:33
98dc653f-0394-48c1-bb8d-78781c09d5b0,absinth.sexy,available,2749.99,2749.99,medium,low,7,namesilo,,,16/09/2026 17:44
e5684dc0-6578-4a11-8edb-28a7eeb01a57,eng.sexy,premium,34500,34500,high,low,3,namesilo,,,02/10/2026 06:49
dc9bbd0e-69d5-4be0-b921-a954547b5d2f,table.sexy,premium,10350.2,10350.2,high,low,5,spaceship,,,30/09/2026 04:19
2c100540-74c7-457b-b34d-d6090ff23a51,coworkers.sexy,available,2575.18,2575.18,medium,low,9,porkbun,,,02/10/2026 03:43
3ac05706-e481-4a7c-87fc-364bc33e37fa,hairless.sexy,available,2749.99,2749.99,medium,low,8,namesilo,,,20/08/2026 22:13
7469316b-3257-4ea1-bfe4-364a3af57b91,portals.sexy,available,2587.7,2587.7,high,low,7,spaceship,,,01/10/2026 17:55
a83299da-cdff-430e-b016-0a802ffbecf7,avens.sexy,premium,13800,13800,medium,low,5,namesilo,,,21/09/2026 09:03
901dd51b-8c60-4d3c-ac4c-00a3dac5563b,garment.sexy,available,2998,3298,high,low,7,namecheap,,,19/09/2026 20:02
a04535b4-2bc9-4bdf-a9d8-9413a57d6eb4,wassermann.sexy,available,2749.99,2749.99,high,low,10,namesilo,,,21/09/2026 03:49
8f16d084-4798-4939-a80c-3b56652fa6e8,shrunk.sexy,available,2749.99,2749.99,medium,low,6,namesilo,,,01/10/2026 04:31
4ce79713-b23a-4ca9-8d8d-77789c924887,geek.sexy,premium,13800,13800,high,low,4,namesilo,,,24/09/2026 13:18
27ea15c7-f3f5-40d9-8133-236bb18f20e4,tested.sexy,available,2998,3298,high,low,6,namecheap,,,28/09/2026 02:20
47071e2d-b6c8-4477-86a1-21dc88ca365a,drizzling.sexy,available,2749.99,2749.99,medium,low,9,namesilo,,,14/08/2026 19:38
1dfce6bd-559d-40e7-8563-ad756fc91b5f,uproar.sexy,available,2749.99,2749.99,medium,low,6,namesilo,,,29/09/2026 04:35
21bbc686-e677-4d6f-b42b-8011c4c2b236,chap.sexy,premium,13800,13800,medium,low,4,namesilo,,,24/09/2026 06:13
f7c6b689-f284-494d-8111-e0aece56599f,autogenic.sexy,available,2749.99,2749.99,medium,low,9,namesilo,,,07/08/2026 20:21
9aad426f-df91-410a-8f71-1ec9a8b9ef98,ameba.sexy,premium,13800,13800,medium,low,5,namesilo,,,18/09/2026 17:40
5032b001-108f-4669-90cd-0e29c9a89418,arbitrage.sexy,available,2749.99,2749.99,high,low,9,namesilo,,,20/09/2026 00:42
c084477b-24f9-4f4d-b404-303f28004ad9,ephraim.sexy,available,2675.22,2675.22,medium,low,7,dynadot,,,02/10/2026 19:30
853288b2-806d-43a4-8404-94cdc1c5147b,brighter.sexy,available,2587.7,2587.7,high,low,8,spaceship,,,29/09/2026 10:57
d9759ae8-8cf8-4f7f-946a-84fcf1dffffc,deny.sexy,premium,13800,13800,high,low,4,namesilo,,,25/09/2026 11:07
a7fb1d1d-a2d9-431a-9da2-b43755fea991,alberta.sexy,available,2749.99,2749.99,high,low,7,namesilo,,,18/09/2026 02:45
bbc8b5a6-58f1-4d7f-9467-5823008a35cb,launcher.sexy,available,2587.7,2587.7,high,low,8,spaceship,,,01/10/2026 02:51
8dfb6a7c-8ae5-4f47-876a-89bb90eec5fc,sensor.sexy,available,2998,3298,high,low,6,namecheap,,,29/09/2026 14:18
b661ac38-cf57-4d65-8037-246ad5aec18b,haze.sexy,premium,13800,13800,high,low,4,namesilo,,,30/09/2026 01:51
8d6b87c6-8aa1-47a3-b1c6-86c331c7924a,assume.sexy,available,2749.99,2749.99,high,low,6,namesilo,,,27/09/2026 08:58
a2339853-ee25-4814-9055-e94df36758d9,shopworn.sexy,available,2749.99,2749.99,medium,low,8,namesilo,,,08/08/2026 11:06
bc1f95d0-fd00-4a6f-8061-8e0e776d858c,education.sexy,available,2587.7,2587.7,high,low,9,spaceship,,,02/10/2026 09:07
ebc66d51-555e-4da0-9c63-154a6988ad64,organs.sexy,available,2749.99,2749.99,high,low,6,namesilo,,,30/09/2026 06:14
d038b483-4487-4935-bb31-d5b578eb894b,influenced.sexy,available,2587.7,2587.7,high,low,10,spaceship,,,01/10/2026 20:19
ff92d6df-3a4a-4d5d-9cd7-a7cff9aba002,passports.sexy,available,2749.99,2749.99,medium,low,9,namesilo,,,20/09/2026 09:52
ac579ca7-f1a4-4411-b086-6c017ddf0ab2,noah.sexy,premium,13800,13800,high,medium,4,namesilo,,,27/09/2026 04:52
eb7f8236-f981-4806-b9bf-4aac9180e8a2,andradite.sexy,available,2749.99,2749.99,medium,low,9,namesilo,,,19/09/2026 04:09
78325e40-3404-450e-8913-efdee62539a9,humanly.sexy,available,2749.99,2749.99,high,low,7,namesilo,,,15/09/2026 01:20
3ebcadcd-0093-47db-9ee1-07fddd6508aa,jonah.sexy,premium,13800,13800,high,low,5,namesilo,,,24/09/2026 06:55
2ccc99a9-c7df-46df-ba83-2233da279de3,griffiths.sexy,available,2749.99,2749.99,medium,low,9,namesilo,,,26/09/2026 03:40
5f3e55a5-f2ad-4548-9ee4-198d5e6740b9,billions.sexy,available,2749.99,2749.99,medium,low,8,namesilo,,,29/09/2026 06:04
c544ce77-7743-4b3f-8165-412e5555f829,rhianna.sexy,available,2587.7,2587.7,high,low,7,spaceship,,,02/10/2026 14:02
6bd36698-84a8-4b85-ad5d-805c55783584,surrounds.sexy,available,2749.99,2749.99,high,low,9,namesilo,,,30/09/2026 15:44
08077f9b-95dc-40e8-b990-d4697123f86d,vendable.sexy,available,2998,3298,medium,low,8,namecheap,,,24/08/2026 20:30
7588daa6-65ac-43d7-8312-13c134c44605,porkfish.sexy,available,2749.99,2749.99,medium,low,8,namesilo,,,19/09/2026 09:38
aefb9edf-6f53-45e1-8f6b-b17eb9734f96,unbound.sexy,available,2749.99,2749.99,high,low,7,namesilo,,,12/09/2026 02:25
0b67aa0f-4181-43ed-9bbe-c5a6a5cf0b13,dft.sexy,premium,27500,27500,medium,low,3,dynadot,,,02/10/2026 10:24
ba5d0064-0906-4692-903e-467660ff77e5,antimony.sexy,available,2749.99,2749.99,medium,low,8,namesilo,,,19/09/2026 14:45
6619dffa-1cee-486d-a750-ba348b1597bd,dieppe.sexy,available,2749.99,2749.99,medium,low,6,namesilo,,,02/10/2026 08:49
dfebe389-cb67-474b-887c-0e48dd14d0be,emboldened.sexy,available,2749.99,2749.99,high,low,10,namesilo,,,16/08/2026 10:22
49f6d861-5ffc-49f5-afa0-28f3cbda007d,urals.sexy,premium,13000,13000,medium,low,5,namecheap,,,30/09/2026 19:04
63b97535-e7a0-4455-9b7d-d26166824a71,activase.sexy,available,2749.99,2749.99,medium,low,8,namesilo,,,17/09/2026 05:09
9efa230d-ffad-48fd-a6ca-0a459293f140,fodder.sexy,available,2749.99,2749.99,medium,low,6,namesilo,,,24/09/2026 12:05
fd388d6e-94db-483f-b5c6-7167feb7e8f3,aggregated.sexy,available,2749.99,2749.99,high,low,10,namesilo,,,
baf3f78c-c592-4bb6-a882-e8a786c5ce6c,conduit.sexy,available,2998,3298,high,low,7,namecheap,,,24/09/2026 17:11
b98c5b47-717b-4ed4-9956-6625f1c32e12,overage.sexy,available,2998,3298,medium,low,7,namecheap,,,04/09/2026 19:59
b3f09022-c410-4703-80cc-266340ab9737,washes.sexy,available,2749.99,2749.99,medium,low,6,namesilo,,,20/09/2026 04:54
36154135-0942-4f90-a203-7c8f05892b98,jones.sexy,premium,13000,13000,high,low,5,namecheap,,,25/09/2026 00:23
9a158b00-730d-4fcc-8e7b-d1a37f13269d,calando.sexy,available,2749.99,2749.99,medium,low,7,namesilo,,,11/08/2026 13:34
afd32162-cee4-45d6-9933-12f05e67eeb6,fiber.sexy,premium,10350.2,10350.2,high,low,5,spaceship,,,29/09/2026 19:15
1c7659e3-18ab-4025-b944-fb111a91845b,bna.sexy,premium,32500,32500,medium,low,3,namecheap,,,01/10/2026 07:03
b13f9770-9b43-4dc8-93d5-666fab245eb7,fest.sexy,premium,10350.2,10350.2,high,low,4,spaceship,,,03/10/2026 02:41
2c84ddd3-31e7-44e3-89b1-fce08f1042c5,selfemployed.sexy,available,2998,3298,high,low,13,namecheap,,,02/10/2026 13:54
c3010176-a298-40cf-b60a-1a3b24263ce0,anova.sexy,premium,13000,13000,high,low,5,namecheap,,,19/09/2026 01:59
2dc1d878-1e50-4671-81c6-1b6312d59f86,amend.sexy,premium,13800,13800,high,low,5,namesilo,,,01/10/2026 03:26
2cdf45b6-caee-4e1b-be9d-149f51361df1,ltd.sexy,premium,34500,34500,high,low,3,namesilo,,,25/09/2026 11:58
172da541-301b-490b-a35e-207918bc88ed,baronial.sexy,available,2998,3298,medium,low,8,namecheap,,,08/08/2026 20:11
5baca97a-c4fb-4307-8008-2423efcae634,formulas.sexy,available,2749.99,2749.99,medium,low,8,namesilo,,,02/10/2026 12:05
cf7c562b-7e40-45c2-bc53-111b6561ad88,allentown.sexy,available,2998,3298,high,low,9,namecheap,,,18/09/2026 10:52
a7aca3d0-76a7-4561-8c1d-b8f98b4e0b25,polk.sexy,premium,13800,13800,high,low,4,namesilo,,,29/09/2026 07:22
cf2d13aa-386c-4a1d-a910-94195a175701,heroes.sexy,available,2998,3298,high,low,6,namecheap,,,17/09/2026 22:48
11385ba8-7530-4ebc-91b7-3df4a1064866,papal.sexy,premium,12500,12500,medium,low,5,name.com,,,06/08/2026 04:09
38d8ff00-cd7b-4fb3-88a4-96a16111566d,aragonite.sexy,available,2749.99,2749.99,medium,low,9,namesilo,,,19/09/2026 23:43
b21095c6-d9f4-4690-9438-f3863f93cbdd,overbearing.sexy,available,2587.7,2587.7,medium,low,11,spaceship,,,02/10/2026 17:20
5b52a090-cb8e-4c15-995d-287c2c53523c,aram.sexy,premium,13800,13800,high,low,4,namesilo,,,19/09/2026 23:55
592b8fbe-f9d8-45af-9b8d-ed831fd2dcb2,termite.sexy,available,2587.7,2587.7,medium,low,7,spaceship,,,03/10/2026 02:13
d4e52697-9191-457b-8911-f8379a9d87e5,protest.sexy,available,2587.7,2587.7,high,low,7,spaceship,,,30/09/2026 07:47
a547b724-9eeb-41ad-9378-205cccc1c9f7,oto.sexy,premium,34500,34500,high,low,3,namesilo,,,02/10/2026 16:17
19aee9f7-b64e-4380-8881-5f8821323fcc,heresy.sexy,available,2749.99,2749.99,high,low,6,namesilo,,,03/10/2026 01:11
6084f699-3050-43aa-ae62-bae9c7ca3167,saloons.sexy,available,2749.99,2749.99,medium,low,7,namesilo,,,19/09/2026 22:32
566b2bfa-d304-4da5-90e4-3e709cbe8dcd,stoical.sexy,available,2998,3298,medium,low,7,namecheap,,,10/09/2026 20:59
fd57e4f0-0d9a-4d6d-9d01-f5621c5542af,eightfold.sexy,available,2749.99,2749.99,medium,low,9,namesilo,,,15/08/2026 21:27
b7b07e46-59f3-472b-b900-fcd176926aef,dancer.sexy,available,2749.99,2749.99,high,low,6,namesilo,,,11/09/2026 11:54
0a906993-18fa-49ae-b23d-bddfac3d23f2,anus.sexy,premium,13800,13800,medium,low,4,namesilo,,,19/09/2026 15:56
37b32b09-d6f6-461a-99da-ce1417cb29b4,horseback.sexy,available,2749.99,2749.99,high,low,9,namesilo,,,21/09/2026 23:38
9c22cd07-35c7-489b-95f5-ebce83e3cdbf,spade.sexy,premium,10350.2,10350.2,high,low,5,spaceship,,,30/09/2026 02:04
cb55557d-cf82-4281-9e35-8c64e56a2d84,whitney.sexy,available,2675.22,2675.22,medium,low,7,dynadot,,,28/09/2026 13:59
d7175720-7013-471f-9762-1415313281dd,sedulous.sexy,available,2749.99,2749.99,medium,low,8,namesilo,,,07/08/2026 06:14
2fc807fb-83e7-405b-83af-47b3204c4e2d,timeworn.sexy,available,2749.99,2749.99,medium,low,8,namesilo,,,08/08/2026 11:14
b6ed9dbd-c206-499d-8138-9290128720f2,cordiality.sexy,available,2749.99,2749.99,high,low,10,namesilo,,,18/09/2026 21:58
8fc7e9c0-5b00-4d99-a3c9-b3fa55880144,allgood.sexy,available,2998,3298,high,low,7,namecheap,,,18/09/2026 10:56
3e04d4d8-f0aa-4f64-8879-60bf1cf39327,straw.sexy,premium,13000,13000,high,low,5,namecheap,,,10/09/2026 22:03
dae310c7-bb22-4b1c-bcb4-46d5a1a06ec1,albanian.sexy,available,2749.99,2749.99,high,low,8,namesilo,,,
a2e72dcc-6786-43a7-8be0-cfc437158ad9,olives.sexy,available,2749.99,2749.99,medium,low,6,namesilo,,,20/09/2026 04:34
97aca5d2-19ca-44b0-bc3e-8d805214839d,archie.sexy,available,2749.99,2749.99,high,low,6,namesilo,,,28/09/2026 03:27
00015834-8353-4565-95ef-7f589ce39028,swirl.sexy,premium,13800,13800,high,low,5,namesilo,,,02/10/2026 04:27
b45040bf-a838-4905-8912-6e5207aadb7c,bodied.sexy,available,2749.99,2749.99,medium,low,6,namesilo,,,10/08/2026 16:44
6fef4242-af43-44a0-bb5e-5a51aac0079b,bezzant.sexy,available,2749.99,2749.99,medium,low,7,namesilo,,,23/09/2026 12:17
f48aa69f-6222-491a-ab8d-b34a68cdf5e6,greasy.sexy,available,2998,3298,medium,low,6,namecheap,,,20/08/2026 19:35
3fd0e44f-340a-40f9-931c-d290feeed04f,ammoniac.sexy,available,2749.99,2749.99,medium,low,8,namesilo,,,
052a1efa-a24a-4374-9b2f-4a2accf0b565,clubbish.sexy,available,2749.99,2749.99,medium,low,8,namesilo,,,12/08/2026 12:59
1ae1d1d2-d5a1-425c-a094-90fb51283ce2,coincide.sexy,available,2998,3298,high,low,8,namecheap,,,29/09/2026 14:11
2d9ab9d6-6b57-40b3-9e12-62a30e65680a,coupling.sexy,available,2587.7,2587.7,high,low,8,spaceship,,,30/09/2026 16:49
dfda4788-cf7d-41a4-9bb0-14b70c5cd9f4,tart.sexy,premium,12500,12500,medium,low,4,name.com,,,13/08/2026 14:25
96a79d19-aaa6-48bf-ac3f-89c89c814dac,appreciation.sexy,available,2749.99,2749.99,high,low,12,namesilo,,,
26b8b0bb-ca12-482d-bdc3-45a4bf5ce787,molecules.sexy,available,2749.99,2749.99,medium,low,9,namesilo,,,
d75d2bf3-156d-484d-b12f-4c5408bf34fc,ionized.sexy,available,2749.99,2749.99,high,low,7,namesilo,,,22/08/2026 09:31
2eca0e18-0f1c-452a-9bf9-60bd168a5651,oxnard.sexy,available,2675.22,2675.22,medium,low,6,dynadot,,,02/10/2026 00:45
307629bb-2b87-4649-b024-4493c3fb6ca9,conceptual.sexy,available,2998,3298,high,low,10,namecheap,,,12/08/2026 20:05
bf5ec05b-e498-4ee1-bb4d-2896ebd79dcc,ataturk.sexy,available,2999,2999,high,low,7,name.com,,,20/09/2026 19:44
3a6c60af-fcd8-4951-9943-cda51b5fc2a8,belem.sexy,premium,13800,13800,medium,low,5,namesilo,,,23/09/2026 04:51
1e44de57-29d8-4a15-ac48-c86680616446,eloise.sexy,available,2575.18,2575.18,high,low,6,porkbun,,,01/10/2026 08:50
80d34e96-3288-4970-bb10-4b5fbdd33af0,hinault.sexy,available,2749.99,2749.99,medium,low,7,namesilo,,,23/09/2026 09:48
20dc08b9-af6f-46d6-9cef-576bfb476933,egregious.sexy,available,2998,3298,medium,low,9,namecheap,,,15/08/2026 19:48
e5f89527-187e-4239-a150-38e3b88cf6e3,fenestral.sexy,available,2749.99,2749.99,medium,low,9,namesilo,,,18/08/2026 01:09
90939c0c-c613-4b00-a0e4-a2a6219a627f,airplanes.sexy,available,2675.22,2675.22,medium,low,9,dynadot,,,28/09/2026 22:55
eb96e943-599a-426b-8c85-ef711ae16f08,uprightly.sexy,available,2749.99,2749.99,medium,low,9,namesilo,,,15/09/2026 01:06
9ca97d9f-c45d-4a4a-8001-50bb3fcffe45,fridge.sexy,available,2587.7,2587.7,high,low,6,spaceship,,,29/09/2026 17:57
3aeeaee1-cc41-46f0-b85d-6e37625aef5f,seditious.sexy,available,2749.99,2749.99,medium,low,9,namesilo,,,22/08/2026 01:29
e8db9e97-c344-4bf8-a141-a8ad0ae99d18,wipes.sexy,premium,13000,13000,medium,low,5,namecheap,,,20/09/2026 09:39
163db02d-fcc1-4ca4-93a2-08bae24756c1,tis.sexy,premium,25875.2,25875.2,high,low,3,spaceship,,,29/09/2026 23:40
64b6a074-b2d3-40a9-a3c7-453291ce148f,slightly.sexy,available,2749.99,2749.99,medium,low,8,namesilo,,,16/09/2026 02:36
4c078205-f60a-4ee3-aa16-291a222e9935,solution.sexy,available,2749.99,2749.99,high,low,8,namesilo,,,30/09/2026 11:31
d7f97d88-efed-4437-9b5a-38a292929dcd,kendra.sexy,available,2587.7,2587.7,medium,low,6,spaceship,,,01/10/2026 07:27
f8aedfd0-f9ac-4096-897a-cd4f58828fec,oren.sexy,premium,13000,13000,medium,low,4,namecheap,,,02/10/2026 09:16
c535d127-cbdb-4238-a135-65ae735bc14c,socialist.sexy,available,2749.99,2749.99,high,low,9,namesilo,,,10/09/2026 13:19
a72d9f6e-ab9e-409b-8cfc-b5595b117831,cbo.sexy,premium,34500,34500,high,low,3,namesilo,,,30/09/2026 04:30
8662cd65-07db-4a79-8e84-28043783bf25,amelia.sexy,available,2998,3298,high,low,6,namecheap,,,18/09/2026 18:15
adb92360-4b63-4305-a083-1dcde1ec6e93,socially.sexy,available,2749.99,2749.99,high,low,8,namesilo,,,16/09/2026 03:57
3661fdd1-8305-4c07-be53-237434c9cd7b,sumatran.sexy,available,2749.99,2749.99,high,low,8,namesilo,,,11/09/2026 01:31
2e1a5f40-d55d-4a59-b9a3-4de74cd479a0,zone.sexy,premium,10350.2,10350.2,high,low,4,spaceship,,,29/09/2026 16:21
93888b63-761c-4019-84a7-d016ab4e11f6,laudable.sexy,available,2749.99,2749.99,medium,low,8,namesilo,,,06/08/2026 07:01
323b43cd-8133-4741-887c-08eda9712e3b,jobs.sexy,premium,13800,13800,high,medium,4,namesilo,,,17/09/2026 22:00
5cc03d46-c407-473b-b925-d5b456f3dd88,nipponese.sexy,available,2749.99,2749.99,medium,low,9,namesilo,,,22/08/2026 12:24
a60ad3a9-c9f8-4ddb-a081-ac71bf3befd9,affinity.sexy,available,2998,3298,high,high,8,namecheap,,,28/09/2026 19:20
6f0ca013-d112-47a0-b4a9-c9de70603752,church.sexy,available,2749.99,2749.99,high,medium,6,namesilo,,,29/09/2026 09:07
4133d14a-9246-4b4d-8c2b-2631565efb35,silverman.sexy,available,2587.7,2587.7,medium,low,9,spaceship,,,28/09/2026 12:16
71f70a30-ea90-49b9-9e13-0af2737ee0a4,muller.sexy,available,2998,3298,high,low,6,namecheap,,,29/09/2026 18:58
d0bf8e3b-6014-4f87-bcb6-bcbf4cf8b830,backing.sexy,available,2749.99,2749.99,high,low,7,namesilo,,,21/09/2026 15:39
83fca4a9-d94b-4b5a-b208-ac4e4cc554f6,tipton.sexy,available,2587.7,2587.7,high,low,6,spaceship,,,29/09/2026 04:26
67d2f0e2-84a4-4ae7-b973-1b29a93316dc,bricole.sexy,available,2749.99,2749.99,medium,low,7,namesilo,,,20/09/2026 00:36
9386d7af-e4e4-432d-b7b1-5451ee8fada0,rudolph.sexy,available,2998,3298,high,low,7,namecheap,,,25/09/2026 14:11
3decbf10-2024-4e25-8aee-8735febecbf4,hazy.sexy,premium,12500,12500,medium,low,4,name.com,,,10/08/2026 16:22
c2af375d-701c-4d89-be87-3b27ab51423f,rotating.sexy,available,2749.99,2749.99,high,low,8,namesilo,,,29/09/2026 16:17
cdec4345-25ff-4601-95b9-2aa1912b1be7,deathly.sexy,available,2999,2999,medium,low,7,name.com,,,13/08/2026 19:31
6e627836-4f40-4522-971e-7e4af88de7c2,margherita.sexy,available,2998,3298,high,low,10,namecheap,,,02/10/2026 18:19
a4a7a6ea-94d9-4dda-bbb9-5dfbf76456d1,jockey.sexy,available,2749.99,2749.99,high,low,6,namesilo,,,24/09/2026 14:26
e4f49613-b11f-40f5-9292-59699c2e6d6c,fathered.sexy,available,2749.99,2749.99,medium,low,8,namesilo,,,02/10/2026 21:59
bb82b9fa-f7e1-4ecb-a51a-337c29003601,callable.sexy,available,2749.99,2749.99,medium,low,8,namesilo,,,11/08/2026 14:26
2332043b-088d-476a-b90e-607e5eb453b0,verifiable.sexy,available,2749.99,2749.99,high,low,10,namesilo,,,12/08/2026 20:51
ee540a49-4bc6-4dba-af22-112d9874aa9c,backer.sexy,available,2749.99,2749.99,high,low,6,namesilo,,,21/09/2026 15:26
b36a1773-d55d-431a-9420-563e95de871d,podlike.sexy,available,2749.99,2749.99,medium,low,7,namesilo,,,08/09/2026 22:31
d8b6bf91-1d78-4e25-8f66-24767d1b2103,converter.sexy,available,2749.99,2749.99,high,low,9,namesilo,,,03/10/2026 00:11
259eeab3-754b-4eb4-bf33-39d72c23b121,downturn.sexy,available,2749.99,2749.99,medium,low,8,namesilo,,,24/09/2026 23:42
be1a0997-1762-4a3d-bf39-21d4afcffb6e,agnostical.sexy,available,2998,3298,medium,low,10,namecheap,,,
2e7dba5a-4e52-479d-8818-ced40b2cfe9f,illume.sexy,available,2749.99,2749.99,high,low,6,namesilo,,,23/08/2026 02:41
416b7373-9965-43c0-9bf2-1fed7d505c66,biochemical.sexy,available,2587.7,2587.7,high,low,11,spaceship,,,30/09/2026 11:40
0840dd1b-f8d1-4c5b-af97-11ce683710ed,registration.sexy,available,2749.99,2749.99,high,low,12,namesilo,,,
8469acab-bef8-4b4b-943c-f38c64bb85bb,appears.sexy,available,2998,3298,medium,low,7,namecheap,,,25/09/2026 20:18
ab59274c-3839-427e-8cad-051c7b7d6cac,finesse.sexy,available,2587.7,2587.7,high,low,7,spaceship,,,03/10/2026 00:45
44b92e5a-97fa-4626-86eb-fd7c31c8bc6f,intercom.sexy,available,2998,3298,high,low,8,namecheap,,,03/10/2026 01:18
8d83e264-4162-4fc9-8893-2787bf9ff867,occasion.sexy,available,2575.18,2575.18,high,low,8,porkbun,,,30/09/2026 01:05
588dfd8f-d1a3-4748-ba64-05e4b363277e,wat.sexy,premium,32500,32500,medium,low,3,namecheap,,,02/10/2026 06:50
d0f2fab6-3cd6-4a2a-aa71-085ef9de8aab,animist.sexy,available,2749.99,2749.99,medium,low,7,namesilo,,,
4c3156f7-0d4d-4f10-9a60-3b159d6d1213,messaging.sexy,available,2675.22,2675.22,high,low,9,dynadot,,,29/09/2026 06:22
f78ed8e9-fc77-4b53-a6ea-ea0e191f8480,former.sexy,available,2998,3298,high,low,6,namecheap,,,24/09/2026 21:24
9eed91f7-ba43-4ad3-8ee8-2852db0ae21d,passing.sexy,available,2749.99,2749.99,high,low,7,namesilo,,,24/09/2026 14:24
630e66bb-b85f-447a-9254-93f6417057db,shambolic.sexy,available,2749.99,2749.99,medium,low,9,namesilo,,,10/09/2026 05:51
a1cfda98-9838-4809-9a85-db0b0aa24117,toulon.sexy,available,2587.7,2587.7,medium,low,6,spaceship,,,28/09/2026 20:41
dd9f07b3-19a2-41a9-90f5-5379a211ce43,beneath.sexy,available,2998,3298,medium,low,7,namecheap,,,28/09/2026 12:25
dec3d039-0254-4d2b-8768-6b4329be9f53,afflicted.sexy,available,2749.99,2749.99,high,low,9,namesilo,,,
129d17f4-6c2f-4e50-8d5f-89534163af89,nepali.sexy,available,2749.99,2749.99,high,low,6,namesilo,,,03/09/2026 15:37
fe81592c-6230-4b7a-9ad0-99ec1219fafc,uveal.sexy,premium,13000,13000,medium,low,5,namecheap,,,13/09/2026 00:22
5d9f7c26-fdae-4aab-86ec-1172aacb5c04,stunning.sexy,available,2749.99,2749.99,high,low,8,namesilo,,,22/09/2026 08:34
6022f298-15f1-4939-b640-ccd94af810c5,whisky.sexy,available,2749.99,2749.99,high,low,6,namesilo,,,29/09/2026 08:20
2a5f2961-b8e4-4cb5-b167-8983ac179da4,suggestion.sexy,available,2749.99,2749.99,high,low,10,namesilo,,,25/09/2026 07:41
5c9f93f3-db01-4d0e-bb36-ca0cfa3cb86f,slouchy.sexy,available,2749.99,2749.99,medium,low,7,namesilo,,,19/09/2026 04:23
01fe899b-8f55-4844-a9fe-bb7fa66b628d,lacking.sexy,available,2749.99,2749.99,medium,low,7,namesilo,,,28/09/2026 10:18
89ef52e6-7953-4184-a7a6-3125f85a2ffe,walter.sexy,available,2749.99,2749.99,high,medium,6,namesilo,,,25/09/2026 03:36
ec7c6b64-9f28-4ee0-9ade-ffae66c6ad2f,villain.sexy,available,2749.99,2749.99,high,low,7,namesilo,,,21/09/2026 16:58
989174da-c9d4-49c8-a78c-85ff0f0a1ce2,scientist.sexy,available,2587.7,2587.7,high,low,9,spaceship,,,01/10/2026 20:34
3a956c12-b198-4428-b94c-47fc84553b0f,tighter.sexy,available,2749.99,2749.99,high,low,7,namesilo,,,29/09/2026 14:55
c7fc81a4-886a-4167-863c-70a2c17ce520,marilyn.sexy,available,2749.99,2749.99,high,low,7,namesilo,,,27/09/2026 06:57
e1e4875c-dbec-4216-8c74-a6c5264becba,falk.sexy,premium,13800,13800,high,low,4,namesilo,,,03/10/2026 03:40
18ba0fd2-36af-48f9-be72-56aa3e923dd6,troglodyte.sexy,available,2749.99,2749.99,medium,low,10,namesilo,,,09/09/2026 11:43
53b6ccec-cfc1-44ba-b205-8b9139852c2f,brief.sexy,premium,13000,13000,high,low,5,namecheap,,,21/09/2026 13:42
6fc6107a-5fb8-46f0-a495-dffcb21cdbe9,lula.sexy,premium,11000,11000,medium,low,4,dynadot,,,30/09/2026 04:54
f1fdf18c-56a1-44cc-8ef4-f3ad057967dd,sermons.sexy,available,2998,3298,medium,low,7,namecheap,,,01/10/2026 17:38
337b536a-19e2-4a79-bc31-cf8a3c9670b7,crank.sexy,premium,12500,12500,medium,low,5,name.com,,,13/08/2026 04:51
50c7b736-0bee-4113-bf98-d46aab94be91,locomotor.sexy,available,2749.99,2749.99,medium,low,9,namesilo,,,24/08/2026 08:50
24cc562c-dca1-4113-9bf9-fe0d14b87ec4,technicality.sexy,available,2998,3298,high,low,12,namecheap,,,02/10/2026 18:25
10372e8a-68c8-4f4a-976d-9acc0c82699c,flourish.sexy,available,2587.7,2587.7,high,low,8,spaceship,,,30/09/2026 16:29
14b672fe-d9be-4110-bb94-ba2a619a2ac3,dodgers.sexy,available,2749.99,2749.99,high,medium,7,namesilo,,,30/09/2026 00:43
b3c1929f-62d2-48e5-9041-ec17e3081cf2,bounden.sexy,available,2749.99,2749.99,medium,low,7,namesilo,,,10/08/2026 21:56
d4e9ef31-a982-4a80-805e-e64efcc37452,vasco.sexy,premium,11000,11000,high,low,5,dynadot,,,29/09/2026 09:56
0c6cfe9e-cec5-4b86-871b-5470f49cb85b,bandolier.sexy,available,2749.99,2749.99,medium,low,9,namesilo,,,22/09/2026 01:27
a81c5e21-1084-4edd-85fd-27a888927b59,lethargic.sexy,available,2749.99,2749.99,medium,low,9,namesilo,,,23/08/2026 00:27
ae4f5c7a-cdb9-4388-8f1d-0747a1b530fc,swiss.sexy,premium,13800,13800,high,medium,5,namesilo,,,19/09/2026 06:01
4e5293c5-fd78-44b8-a689-780ba118681c,harness.sexy,available,2749.99,2749.99,high,low,7,namesilo,,,29/09/2026 01:16
6525e352-3d78-4de2-ac77-7a1c34e3173d,employer.sexy,available,2675.22,2675.22,high,low,8,dynadot,,,29/09/2026 18:08
3f2a0cbb-a1bc-481d-9d50-b2dc7ded32fc,implausible.sexy,available,2749.99,2749.99,medium,low,11,namesilo,,,01/10/2026 09:12
b885c3c9-4400-4dc5-8fb8-9d14895c56ec,intrusive.sexy,available,2749.99,2749.99,high,low,9,namesilo,,,22/08/2026 08:49
9032fb64-7a24-465e-84d6-3a16894753c5,savages.sexy,available,2749.99,2749.99,low,low,7,namesilo,,,30/09/2026 06:49
4eb0ff8d-d44e-41cb-b0b4-9269901a6ad6,auric.sexy,premium,12500,12500,medium,low,5,name.com,,,07/08/2026 17:36
6f662da2-bbab-4199-8fa1-83ae2efce993,teresa.sexy,available,2998,3298,high,low,6,namecheap,,,17/09/2026 18:40
89d8f54c-9dfc-49d0-a2b5-97c97d7d9f6f,horseman.sexy,available,2749.99,2749.99,high,low,8,namesilo,,,17/08/2026 11:44
ae712b2c-64b9-4e65-8246-4da3868848ad,slapdash.sexy,available,2749.99,2749.99,medium,low,8,namesilo,,,10/09/2026 09:57
a0737f8b-8888-474c-a491-88d3fbc9ead6,malpractice.sexy,available,2675.22,2675.22,medium,low,11,dynadot,,,01/10/2026 15:32
2f3a8ceb-70b3-47c7-b19c-f6d8e71793b6,macintyre.sexy,available,2587.7,2587.7,medium,low,9,spaceship,,,01/10/2026 23:40
656ffbae-485e-4524-ac2f-51c0efbfc152,enthusiasm.sexy,available,2587.7,2587.7,high,low,10,spaceship,,,29/09/2026 17:36
506f3c3b-31bb-4f73-a9a1-7dcc2a2e8f85,systems.sexy,available,2749.99,2749.99,high,low,7,namesilo,,,01/10/2026 14:38
f3cf86c7-e88a-4862-aff4-9b0951e4afc4,boffo.sexy,premium,12500,12500,high,low,5,name.com,,,10/08/2026 16:57
e0287d6f-e69a-4885-af08-58f1fa312dfb,avionic.sexy,available,2749.99,2749.99,medium,low,7,namesilo,,,07/08/2026 23:35
3b1d313f-411e-4284-9c80-cd402885c637,boloney.sexy,available,2749.99,2749.99,medium,low,7,namesilo,,,21/09/2026 23:45
41e41384-996b-4c8e-b151-db1f301aa2c9,hotfoot.sexy,available,2998,3298,high,low,7,namecheap,,,09/09/2026 19:44
c5397bdb-d4d0-4a28-a3ff-25fd8d86ae4d,annual.sexy,available,2749.99,2749.99,high,low,6,namesilo,,,22/09/2026 05:27
613becd7-67f6-4507-bd13-fd10ecc99f0e,horned.sexy,available,2749.99,2749.99,medium,low,6,namesilo,,,21/08/2026 14:04
75d832e5-0a6a-4189-9b69-80b68f6e5cd5,scotch.sexy,available,2749.99,2749.99,high,low,6,namesilo,,,24/09/2026 21:59
585b8817-6761-4e1c-9324-33530c1fd21e,applique.sexy,available,2749.99,2749.99,medium,low,8,namesilo,,,19/09/2026 21:57
ede97e7d-e3a2-4864-b808-a3e03240e47f,cours.sexy,premium,13800,13800,high,low,5,namesilo,,,03/10/2026 02:59
da4787ee-8979-47ef-9a6d-5da07802b157,spie.sexy,premium,10350.2,10350.2,high,medium,4,spaceship,,,03/10/2026 03:34
0e69b601-75f1-4027-9b8d-f30281e201be,bolshevik.sexy,available,2998,3298,high,low,9,namecheap,,,10/08/2026 17:50
77d871bf-8180-400a-8e7a-86aeecdf3a6e,reformer.sexy,available,2998,3298,high,low,8,namecheap,,,19/09/2026 15:23
b9359076-1286-4738-ad60-7526fe439fa2,showy.sexy,premium,12500,12500,medium,low,5,name.com,,,18/08/2026 06:20
b329c538-46d3-4c53-a703-4ac47d841af4,overhasty.sexy,available,2749.99,2749.99,medium,low,9,namesilo,,,04/09/2026 20:44
e5a956fd-7518-4d05-8e74-df188f5e6aaf,nis.sexy,premium,34500,34500,high,low,3,namesilo,,,29/09/2026 14:58
57effaf8-93e4-4738-a308-d0e2ee618cf5,chivalric.sexy,available,2749.99,2749.99,medium,low,9,namesilo,,,12/08/2026 06:09
8f6b870e-119e-4790-9903-f029859c013e,biometry.sexy,available,2998,3298,high,low,8,namecheap,,,23/09/2026 18:35
3139d456-2728-45c7-b136-4044ced0de57,depiction.sexy,available,2998,3298,high,low,9,namecheap,,,02/10/2026 04:19
76364f72-8310-4b9b-aaf4-706d2b3f807f,sterilization.sexy,available,2749.99,2749.99,high,low,13,namesilo,,,16/09/2026 21:54
cfb70a8a-c49e-4214-b460-330640637523,balker.sexy,available,2998,3298,medium,low,6,namecheap,,,03/09/2026 18:54
c63c3f3e-5a60-4c32-b6c6-53e3a7a82aa0,vir.sexy,premium,34500,34500,medium,low,3,namesilo,,,29/09/2026 23:48
bfb1abd0-7735-4aa0-b327-071827f39d23,cdu.sexy,premium,27291.98,27291.98,high,low,3,porkbun,,,29/09/2026 03:11
bbfbab67-70ae-4e5a-9ac2-e0539e6dac1c,centrale.sexy,available,2675.22,2675.22,medium,low,8,dynadot,,,01/10/2026 16:08
706485c8-96a4-41e9-8472-c91718ba3028,medical.sexy,available,2749.99,2749.99,high,low,7,namesilo,,,01/10/2026 15:27
397ebba7-1724-4030-a490-71c3ed326318,sly.sexy,premium,34500,34500,high,low,3,namesilo,,,24/09/2026 01:29
4e247e3c-c4a9-4e4c-b7f2-a4a979766e8c,fix.sexy,premium,34500,34500,high,low,3,namesilo,,,27/09/2026 10:10
b5759b9a-ee33-45c0-89db-62feaffc9325,returns.sexy,available,2749.99,2749.99,high,low,7,namesilo,,,17/09/2026 17:19
f7c37d18-a888-47e1-9a7e-d34a5821bbf8,aflame.sexy,available,2749.99,2749.99,medium,low,6,namesilo,,,
34a235b1-2f14-443f-ae56-614acb207ae3,enhance.sexy,available,2587.7,2587.7,high,low,7,spaceship,,,30/09/2026 19:06
70da08d4-3854-4143-a96a-f50fa319f43a,convivial.sexy,available,2749.99,2749.99,high,low,9,namesilo,,,27/09/2026 06:52
41516372-e56a-42e2-ab0d-16b06021c8cf,aculea.sexy,available,2998,3298,low,low,6,namecheap,,,17/09/2026 05:32
f250ff5d-4ba1-48e4-bb25-b219b045569c,trail.sexy,premium,13800,13800,high,low,5,namesilo,,,25/09/2026 22:13
53a7c896-ce45-450e-9f80-af4a99edc804,quickness.sexy,available,2675.22,2675.22,high,low,9,dynadot,,,28/09/2026 18:29
fdc24393-2cbf-4c8b-a4a0-2912755693d7,departmental.sexy,available,2998,3298,medium,low,12,namecheap,,,30/09/2026 14:39
5ec2a97c-0297-4a16-88f7-c6e8d711ca78,percussive.sexy,available,2749.99,2749.99,high,low,10,namesilo,,,08/09/2026 16:22
31a1f8c8-f4b4-4435-84c4-fe92ddecd6db,wagon.sexy,premium,10350.2,10350.2,medium,low,5,spaceship,,,29/09/2026 01:37
41be8547-7d8d-4c66-a52a-c36b7c91d63a,tangle.sexy,available,2749.99,2749.99,high,low,6,namesilo,,,25/09/2026 17:42
de6456b8-51a1-4455-8b8a-5b7c03f6b8b0,confessional.sexy,available,2587.7,2587.7,high,low,12,spaceship,,,30/09/2026 03:45
f15e9016-f936-4c21-a0ea-63d921d030f2,metrics.sexy,available,2749.99,2749.99,high,low,7,namesilo,,,28/09/2026 14:52
d44bce35-71ad-4f52-a7f8-cd787d0a8a3b,amplitudes.sexy,available,2749.99,2749.99,medium,low,10,namesilo,,,30/09/2026 00:33
35de0d2f-c353-4ace-96bd-4440a8192c02,rai.sexy,premium,25875.2,25875.2,high,low,3,spaceship,,,28/09/2026 04:12
b1237f77-28f7-42dc-b36f-f461b44144a4,wildlife.sexy,available,2749.99,2749.99,high,low,8,namesilo,,,29/09/2026 08:20
d1d1f395-f222-443c-9960-d5227bde472a,lee.sexy,premium,34500,34500,high,medium,3,namesilo,,,27/09/2026 06:52
fb865071-58eb-48e6-b00d-318e91a51c13,urbanism.sexy,available,2675.22,2675.22,high,low,8,dynadot,,,02/10/2026 21:09
46616d6f-1190-4e1b-858d-7caf1d7bff5a,hodgkin.sexy,available,2998,3298,medium,low,7,namecheap,,,18/09/2026 01:43
bf9b8f9e-89dc-42ca-82ba-495a3cfb40f5,spookily.sexy,available,2749.99,2749.99,medium,low,8,namesilo,,,14/09/2026 15:07
dcaa26cd-329a-4b00-8fcf-4485a7bfcb8d,baskets.sexy,available,2998,3298,medium,low,7,namecheap,,,30/09/2026 07:05
016823f2-0e4e-43f4-8ccc-a52629544bd2,drainage.sexy,available,2998,3298,high,low,8,namecheap,,,29/09/2026 18:40
7aa213c4-9e96-44cc-b6b8-ac0405c99111,azurite.sexy,available,2749.99,2749.99,high,low,7,namesilo,,,21/09/2026 11:39
4d6b74ff-9550-49d7-990b-995d763492bb,edental.sexy,available,2749.99,2749.99,medium,low,7,namesilo,,,08/09/2026 15:42
68b058e0-e402-4bbe-9b17-9e035503195e,mucous.sexy,available,2749.99,2749.99,medium,low,6,namesilo,,,03/09/2026 10:14
97e3455c-9a2f-4d3b-a935-45b1d7d03228,amusive.sexy,available,2998,3298,medium,low,7,namecheap,,,
10f992e3-9f56-48de-8606-2ef02f76f58a,analytics.sexy,available,2749.99,2749.99,high,low,9,namesilo,,,03/10/2026 04:08
9108651f-f2fb-4455-8b47-3a5c3e2edb9e,earnest.sexy,available,2749.99,2749.99,high,low,7,namesilo,,,27/09/2026 06:52
b6371a1a-9b0f-4b10-b3a9-6796103f76a2,billfish.sexy,available,2749.99,2749.99,medium,low,8,namesilo,,,23/09/2026 16:15
b3e5d852-7f1d-46bc-872a-6549493f9630,moms.sexy,premium,10350.2,10350.2,high,low,4,spaceship,,,01/10/2026 18:00
481c4463-cdd3-49af-b26c-e3b32da42ace,stampede.sexy,available,2675.22,2675.22,high,low,8,dynadot,,,30/09/2026 11:05
bb42de70-c329-41fa-8d54-ee888e74566f,heartsick.sexy,available,2749.99,2749.99,medium,low,9,namesilo,,,11/08/2026 05:30
3f97fb0b-fe7d-43b9-833f-b40d8f4771f9,factitious.sexy,available,2998,3298,medium,low,10,namecheap,,,17/08/2026 20:27
4b60afae-afb5-45ed-8e9a-5b7f3482ffba,myoid.sexy,premium,13000,13000,low,low,5,namecheap,,,03/09/2026 12:10
828ecdf0-ad39-48d5-9b0e-89e18fb4f48a,rotterdam.sexy,available,2749.99,2749.99,high,low,9,namesilo,,,03/10/2026 01:57
8f2967b5-901b-4108-a2c8-4bc67ce02f9e,betoken.sexy,available,2998,3298,medium,low,7,namecheap,,,21/09/2026 03:31
c3e3126e-cb24-4bf1-a0b9-2ef1d40b0576,impede.sexy,available,2749.99,2749.99,medium,low,6,namesilo,,,21/08/2026 09:28
a6e5d9a8-4e43-46e2-8407-29d272e39709,broader.sexy,available,2749.99,2749.99,medium,low,7,namesilo,,,01/10/2026 00:23
f7f52d38-4ba6-4757-8ad6-0320c770fc3d,xiv.sexy,premium,32500,32500,high,low,3,namecheap,,,21/09/2026 11:42
b0df020a-a5bb-40d9-991e-b929c80f761c,gaunt.sexy,premium,12500,12500,medium,low,5,name.com,,,10/08/2026 18:54
729e56d8-0df9-40b5-8875-c0fa89841484,candied.sexy,available,2749.99,2749.99,medium,low,7,namesilo,,,11/08/2026 16:48
7cc54dd0-bc58-498a-a7db-d3baadfe8867,rockers.sexy,available,2749.99,2749.99,high,low,7,namesilo,,,23/09/2026 15:34
83dfb2fb-935d-4a9f-b353-1168908d6477,avalanche.sexy,available,2749.99,2749.99,high,low,9,namesilo,,,21/09/2026 08:38
c3f42601-7831-4925-86ab-05614b465944,fruitless.sexy,available,2749.99,2749.99,medium,low,9,namesilo,,,10/08/2026 19:39
853d6131-1d44-4b34-b645-dcbea67c7824,goodall.sexy,available,2587.7,2587.7,medium,low,7,spaceship,,,30/09/2026 09:56
42dc7040-dbd5-4af3-b18b-ae90d0e55eb2,himalayas.sexy,available,2998,3298,high,low,9,namecheap,,,02/10/2026 15:43
53911d98-ffcb-4050-848e-6fd130723b66,addresses.sexy,available,2749.99,2749.99,medium,low,9,namesilo,,,02/10/2026 16:50
660a908a-b6bf-44d9-b381-7cc787a4600c,surplus.sexy,available,2749.99,2749.99,high,low,7,namesilo,,,27/09/2026 06:52
672667e4-f96b-4b91-800f-dceac11ca110,tabu.sexy,premium,12500,12500,high,low,4,name.com,,,18/08/2026 11:04
806b7f59-d5b6-4efe-99b6-52d681d9cda9,satiate.sexy,available,2749.99,2749.99,high,low,7,namesilo,,,09/09/2026 14:28
b29b4ac4-bef2-42b3-bcd1-c09a2632f82e,panorama.sexy,available,2587.7,2587.7,high,low,8,spaceship,,,02/10/2026 14:48
c6e20a70-fe9a-40b8-8e8f-ee69777ea805,theorist.sexy,available,2749.99,2749.99,high,low,8,namesilo,,,02/10/2026 15:46
17aff9bc-a520-46ba-9ff1-fa922c6b6442,ferine.sexy,available,2749.99,2749.99,medium,low,6,namesilo,,,18/08/2026 01:16
5faf5276-f8a2-4247-baba-b145efaaf65e,abeyance.sexy,available,2749.99,2749.99,medium,low,8,namesilo,,,16/09/2026 15:20
cfca6213-c1a5-4682-ac6d-d6b2403f9dda,penetrating.sexy,available,2998,3298,high,low,11,namecheap,,,29/09/2026 14:35
75185fde-6daf-422c-8bd2-a39bf661bade,annan.sexy,premium,10350.2,10350.2,medium,low,5,spaceship,,,30/09/2026 05:28
b880f859-651e-450a-ac2a-af506bd48041,lou.sexy,premium,32500,32500,high,low,3,namecheap,,,25/09/2026 14:56
df80aea8-318f-4804-a017-f23328745277,hollis.sexy,available,2587.7,2587.7,medium,low,6,spaceship,,,28/09/2026 07:30
9144b9fe-572c-49d9-858f-4ef05f826fc4,bryan.sexy,premium,10350.2,10350.2,high,low,5,spaceship,,,29/09/2026 03:53
b03c737b-68e9-4016-b8c7-d1c755ef8105,abelard.sexy,available,2749.99,2749.99,medium,low,7,namesilo,,,16/09/2026 14:59
e94d1086-806c-4026-9bcf-fd2bfd0678f3,happening.sexy,available,2749.99,2749.99,high,low,9,namesilo,,,25/09/2026 23:54
e8aa2908-8dc2-4e39-b6c8-3b9192731217,absent.sexy,available,2749.99,2749.99,high,low,6,namesilo,,,21/09/2026 14:37
b43c28aa-4fce-417c-9195-d1789dc0ea84,nuggets.sexy,available,2575.18,2575.18,medium,low,7,porkbun,,,02/10/2026 22:30
186e646b-8162-4ec4-9e56-42647db32058,smasher.sexy,available,2749.99,2749.99,high,low,7,namesilo,,,22/08/2026 16:38
0820da04-8aca-41d0-8e2c-1680b48644af,reforms.sexy,available,2575.18,2575.18,medium,low,7,porkbun,,,02/10/2026 21:22
4931cc06-d7f9-4ea4-b106-19afb9aa68c4,resumes.sexy,available,2675.22,2675.22,medium,low,7,dynadot,,,02/10/2026 03:34
24586874-32be-4d14-b46b-be6073ead030,marin.sexy,premium,13800,13800,high,low,5,namesilo,,,25/09/2026 15:45
1cf7c5bb-5d0c-45d1-8e82-869b67546633,congruous.sexy,available,2749.99,2749.99,medium,low,9,namesilo,,,12/08/2026 21:56
fddeb7fb-4c1c-4c3e-a2a8-6efcd3d4e7a3,lotion.sexy,available,2587.7,2587.7,high,low,6,spaceship,,,01/10/2026 02:55
eeb20075-c8ac-41e0-ad50-d81510226b2d,confounded.sexy,available,2749.99,2749.99,medium,low,10,namesilo,,,07/08/2026 11:57
db1751c5-4f97-44c8-a44c-be4618bb21cf,english.sexy,available,2998,3298,high,low,7,namecheap,,,24/09/2026 14:01
836b7c0d-c7fa-499d-84cc-e765b1f12dd7,armstrong.sexy,available,2749.99,2749.99,high,medium,9,namesilo,,,20/09/2026 07:49
d04b9ef7-34d3-49c4-a9b2-597674cd025b,esperanza.sexy,available,2749.99,2749.99,high,low,9,namesilo,,,30/09/2026 23:47
76b667bc-73c4-4ccb-876c-05a5c1293ebb,longer.sexy,available,2749.99,2749.99,high,low,6,namesilo,,,28/09/2026 16:12
7a142939-6f6f-4e0a-994c-e05126e9e375,cassidy.sexy,available,2749.99,2749.99,high,low,7,namesilo,,,26/09/2026 03:43
a0c7a0e6-d166-4498-aa69-f52a3b396605,hornsby.sexy,available,2587.7,2587.7,medium,low,7,spaceship,,,01/10/2026 09:27
96f94a2d-f7b3-495f-b561-0f5a54a9f39e,crowded.sexy,available,2749.99,2749.99,high,low,7,namesilo,,,24/09/2026 02:10
4d62f442-d54b-4adb-9afd-b0a99b65ebad,cfs.sexy,premium,25875.2,25875.2,high,low,3,spaceship,,,29/09/2026 03:24
36f34c0b-7d00-40b8-9158-2e81ea80e6bb,sectional.sexy,available,2749.99,2749.99,medium,low,9,namesilo,,,10/09/2026 01:18
10e09178-2a5a-4561-8d07-ddc423cb4e7e,likeness.sexy,available,2749.99,2749.99,high,low,8,namesilo,,,18/09/2026 07:48
5e1cb9a6-d11f-42d0-98d8-39a62185584f,gloam.sexy,premium,13000,13000,medium,low,5,namecheap,,,11/09/2026 21:43
c59dda55-e465-4bce-ae29-14edaeb1d64c,defiance.sexy,available,2749.99,2749.99,medium,low,8,namesilo,,,29/09/2026 12:02
7ec73c4c-cc98-4681-8bfb-39eff13d115b,relay.sexy,premium,10350.2,10350.2,high,medium,5,spaceship,,,28/09/2026 09:35
e9771595-a59b-43df-aa01-d28bbc796600,santo.sexy,premium,13800,13800,high,low,5,namesilo,,,25/09/2026 11:17
0f9830ab-02f0-4431-93d8-790c0166e0d2,bmt.sexy,premium,25875.2,25875.2,high,low,3,spaceship,,,30/09/2026 20:59
fe77a352-1123-4373-a5b8-f310638b5b6e,spiritous.sexy,available,2749.99,2749.99,medium,low,9,namesilo,,,10/09/2026 16:00
a989d624-b606-4831-abce-ef3b6d996b4e,skaters.sexy,available,2587.7,2587.7,medium,low,7,spaceship,,,02/10/2026 13:55
3276a2eb-3401-4f18-a63f-1e79d1620976,airstream.sexy,available,2749.99,2749.99,high,low,9,namesilo,,,17/09/2026 23:23
16991668-a361-471b-98e7-6e90302afe3d,heroin.sexy,available,2749.99,2749.99,medium,low,6,namesilo,,,24/09/2026 22:03
dce6d339-4157-4479-bb6f-88e923d5c7e3,elmo.sexy,premium,10350.2,10350.2,high,low,4,spaceship,,,30/09/2026 05:11
cf7f1399-4f36-4a13-bbb6-b8eaa0d20a34,nationalism.sexy,available,2749.99,2749.99,medium,low,11,namesilo,,,01/10/2026 13:46
17962c51-6f8b-460b-9908-1f147ecfc705,assize.sexy,available,2749.99,2749.99,medium,low,6,namesilo,,,20/09/2026 16:30
6c137ff0-6d48-4889-af1f-8cd3b772e87d,swishy.sexy,available,2749.99,2749.99,medium,low,6,namesilo,,,11/09/2026 05:54
f9bfa628-9b0f-43ed-b026-59a166f0bb42,susquehanna.sexy,available,2749.99,2749.99,high,low,11,namesilo,,,27/09/2026 01:59
0b8d513d-5ec8-4422-90bd-7e1429441b39,victims.sexy,available,2999,2999,medium,low,7,name.com,,,18/09/2026 21:07
2b545c82-4031-4b4b-be02-02caca18cb39,collage.sexy,available,2587.7,2587.7,high,low,7,spaceship,,,01/10/2026 19:01
c87df1f4-238f-46c3-a037-4f66d733f708,portfolio.sexy,available,2587.7,2587.7,high,low,9,spaceship,,,28/09/2026 20:13
f7e11b35-98c4-4335-aefa-2692259abda8,baldachin.sexy,available,2998,3298,medium,low,9,namecheap,,,21/09/2026 21:30
cfb0da57-8042-4cdf-832d-5c79536bc5a6,runs.sexy,premium,13800,13800,high,low,4,namesilo,,,17/09/2026 13:37
96e28080-8168-41f3-997e-33e474e29d35,rebate.sexy,available,2749.99,2749.99,high,low,6,namesilo,,,03/10/2026 02:31
95195283-bad7-4265-8a05-f0c8607de4a9,finable.sexy,available,2749.99,2749.99,medium,low,7,namesilo,,,18/08/2026 04:28
298edc98-902d-4f9e-9150-40bd765ddefc,promotive.sexy,available,2749.99,2749.99,high,low,9,namesilo,,,09/09/2026 03:13
5142eebf-0dbf-420b-8117-ba4c726b732b,eames.sexy,premium,10350.2,10350.2,medium,low,5,spaceship,,,01/10/2026 18:56
f1ab616a-4e5e-4f54-afdb-c88d26d6d196,perfect.sexy,available,2749.99,2749.99,high,medium,7,namesilo,,,27/09/2026 03:33
094152ee-2b14-4f06-a3c7-47d129c74236,googler.sexy,available,2749.99,2749.99,high,low,7,namesilo,,,01/10/2026 22:14
d505f2c5-8a50-4f2e-9cf5-56e3b239b6bd,palmer.sexy,available,2998,3298,high,low,6,namecheap,,,20/09/2026 08:18
e6bb1c8d-34bd-47b3-a90e-551bf4df5bc5,shanxi.sexy,available,2749.99,2749.99,high,low,6,namesilo,,,30/09/2026 13:24
ddcdcd5c-7b05-4d21-a246-ed73bfeecbef,solely.sexy,available,2749.99,2749.99,high,low,6,namesilo,,,
a77c0359-d39c-44b6-b6c8-eff85128574c,pasco.sexy,premium,10350.2,10350.2,high,low,5,spaceship,,,30/09/2026 13:57
9147a929-e514-4f78-b844-238a69f6e5dc,operable.sexy,available,2749.99,2749.99,medium,low,8,namesilo,,,04/09/2026 16:20
b945ac92-d6e0-463d-97e8-35768b4ad13a,retirement.sexy,available,2749.99,2749.99,high,low,10,namesilo,,,30/09/2026 10:06
f2ee0cc3-cec6-47aa-b944-7578d65c53b2,louisville.sexy,available,2749.99,2749.99,high,low,10,namesilo,,,30/09/2026 10:28
ad2e85db-3185-430b-9bbe-623992793451,prior.sexy,premium,13800,13800,high,low,5,namesilo,,,27/09/2026 06:07
66a797a9-417b-4ea0-a34c-371eadbde1f1,aloha.sexy,premium,13800,13800,high,low,5,namesilo,,,18/09/2026 13:08
4f0f6cc0-73ad-431e-af52-6e1c25d6b45b,brainless.sexy,available,2749.99,2749.99,medium,low,9,namesilo,,,11/08/2026 01:41
73b46d41-844b-42fc-8216-0267d108b1fe,expressing.sexy,available,2575.18,2575.18,medium,low,10,porkbun,,,29/09/2026 05:05
e035dcf9-7756-4e03-ad1a-7717429dc94f,altar.sexy,premium,13800,13800,high,low,5,namesilo,,,18/09/2026 14:32
337dfb25-f6ea-4aae-b494-36a5ba240b15,abo.sexy,premium,31250,31250,high,low,3,name.com,,,
5face895-b912-47e6-a5ff-9f163810f0b8,unaccented.sexy,available,2749.99,2749.99,medium,low,10,namesilo,,,11/09/2026 23:32
b58c58d6-e4d0-4f2d-b34f-ced92a24ab9b,datable.sexy,available,2999,2999,medium,low,7,name.com,,,13/08/2026 18:36
9add5431-2b91-4204-8095-66613577d863,farmland.sexy,available,2575.18,2575.18,high,low,8,porkbun,,,01/10/2026 01:39
79bb0260-78d1-4c26-a501-597b26a3d5ab,consolidate.sexy,available,2749.99,2749.99,high,low,11,namesilo,,,01/10/2026 04:56
3b128ce4-ddca-43c0-8523-4f88e7a07b26,considerate.sexy,available,2749.99,2749.99,high,low,11,namesilo,,,01/10/2026 04:44
d7998fd6-a813-49d4-8344-d662cfc399d1,awning.sexy,available,2749.99,2749.99,high,low,6,namesilo,,,21/09/2026 10:12
7dc76cc0-ac8f-42fa-8d6e-980c882ce160,refuse.sexy,available,2998,3298,medium,low,6,namecheap,,,27/09/2026 02:42
59566e5b-c4b6-4cfb-acbd-8e4a2e031ce0,satisfies.sexy,available,2999,2999,medium,low,9,name.com,,,20/09/2026 14:54
1d6d03b9-d574-4b39-b24b-bacbb808a762,nazareth.sexy,available,2749.99,2749.99,high,low,8,namesilo,,,01/10/2026 03:03
8d27b10f-4d12-44fb-9f53-143dd37249b0,visitor.sexy,available,2587.7,2587.7,high,low,7,spaceship,,,30/09/2026 14:31
514e1f1c-b307-4d52-b033-1e9b3f3624bc,nfl.sexy,premium,34500,34500,high,low,3,namesilo,,,26/09/2026 03:28
14e1d269-13ad-444b-8bf9-937747cf21a0,perforated.sexy,available,2749.99,2749.99,high,low,10,namesilo,,,08/09/2026 16:52
ed953e2e-03e5-4868-a852-444afe9d09bc,leukaemia.sexy,available,2998,3298,medium,low,9,namecheap,,,24/09/2026 11:59
7ebf53ff-c9bd-4020-a68d-5b48feac9060,vitiate.sexy,available,2749.99,2749.99,medium,low,7,namesilo,,,13/08/2026 02:22
b678af0f-16ad-453d-be2f-455721bd8e1d,abhorrent.sexy,available,2749.99,2749.99,medium,low,9,namesilo,,,21/09/2026 13:49
95e1a176-740a-42b4-8ee3-baac3e8b212b,capricious.sexy,available,2998,3298,medium,low,10,namecheap,,,11/08/2026 18:04
5c7c662c-dc49-4aa4-8c97-a35f780c683b,squealed.sexy,available,2749.99,2749.99,low,low,8,namesilo,,,20/09/2026 17:30
fc029b3c-4cce-41f5-8ee4-0b3aff85ec6d,dawning.sexy,available,2749.99,2749.99,high,low,7,namesilo,,,11/09/2026 02:03
89ad5f4f-955b-437b-bc8d-ec5162528e2e,inimitable.sexy,available,2749.99,2749.99,high,low,10,namesilo,,,22/08/2026 05:23
7a064d8f-4e79-4e54-addf-525fc67c3c37,macabre.sexy,available,2749.99,2749.99,medium,low,7,namesilo,,,18/08/2026 23:19
788b891a-84e5-405e-846c-0631439f3e5a,notional.sexy,available,2998,3298,high,low,8,namecheap,,,12/08/2026 20:01
8574851f-dde5-4051-a35b-bc5bc75e7d54,gaol.sexy,premium,12500,12500,medium,low,4,name.com,,,08/09/2026 22:46
54117432-24a0-4f1b-a761-1c3ee6c57d88,concordant.sexy,available,2998,3298,medium,low,10,namecheap,,,12/08/2026 20:16
74feb736-3907-4093-b318-af6d18ffb9e3,composite.sexy,available,2998,3298,high,low,9,namecheap,,,23/09/2026 17:39
71330dd3-9e05-44a8-a3b8-5fb76b304327,iddm.sexy,premium,13000,13000,medium,low,4,namecheap,,,21/09/2026 06:41
a48026e5-0d24-4d07-86b3-31a339d878b0,ils.sexy,premium,25875.2,25875.2,medium,low,3,spaceship,,,30/09/2026 00:10
8a9512ea-d2e2-4982-bb9e-640f4a385ba2,colton.sexy,available,2587.7,2587.7,medium,low,6,spaceship,,,29/09/2026 00:04
73df49f8-5130-49bc-a865-6d1f77666312,reverting.sexy,available,2749.99,2749.99,medium,low,9,namesilo,,,09/09/2026 15:58
75f95700-4cd9-4d74-857c-00f95a0751b4,storms.sexy,available,2749.99,2749.99,medium,low,6,namesilo,,,17/09/2026 15:55
d367d0be-32f5-4110-ba32-ac538264e15b,reproduced.sexy,available,2587.7,2587.7,medium,low,10,spaceship,,,02/10/2026 21:53
d37a9381-d4bf-47c7-848a-fe40d13ab232,drugged.sexy,available,2998,3298,medium,low,7,namecheap,,,14/08/2026 20:06
4b8fc9c3-655e-4fc5-a691-0e6a8be72985,atomism.sexy,available,2749.99,2749.99,medium,low,7,namesilo,,,21/09/2026 00:24
65c377e2-1217-4f8e-8ac4-50f54eb84ae0,nation.sexy,available,2675.22,2675.22,high,low,6,dynadot,,,29/09/2026 03:15
e3bc1f1d-3aeb-4f9d-9127-ce04af82b192,outs.sexy,premium,10350.2,10350.2,medium,low,4,spaceship,,,30/09/2026 07:29
1a2b1455-41b9-4458-b80a-b813dc2fcbe2,lacks.sexy,premium,10350.2,10350.2,low,low,5,spaceship,,,29/09/2026 10:48
b23282f3-33ec-4e97-8b93-2882c9ddb0a5,silvervine.sexy,available,2749.99,2749.99,medium,low,10,namesilo,,,17/09/2026 04:49
8f4f9c86-d57f-4448-9651-07032144d290,different.sexy,available,2749.99,2749.99,high,low,9,namesilo,,,24/09/2026 08:12
23fa38e1-4fd3-4e67-badd-568006485725,infectious.sexy,available,2749.99,2749.99,medium,low,10,namesilo,,,22/08/2026 04:12
b1da85cf-0bc1-4300-95bc-0063fa93b104,audrey.sexy,available,2749.99,2749.99,high,low,6,namesilo,,,25/09/2026 14:38
7a6826f5-fe36-4b81-8b27-ad385722734a,wright.sexy,available,2998,3298,high,low,6,namecheap,,,02/10/2026 15:04
252025f6-8c50-4770-9f4f-f39b1a17bfe4,flute.sexy,premium,10350.2,10350.2,high,low,5,spaceship,,,28/09/2026 13:41
ce2e0c5f-74d2-4f5c-8974-7f1dccefd484,raised.sexy,available,2998,3298,high,low,6,namecheap,,,23/09/2026 09:46
a1d27ce1-74e3-4dc0-ac6d-882dfeb43dae,academy.sexy,available,2999,2999,high,low,7,name.com,,,16/09/2026 20:24
6a5c8a76-d4ed-43a0-8b5a-5c7b7c30fc3d,applications.sexy,available,2749.99,2749.99,medium,low,12,namesilo,,,28/09/2026 23:10
1c2536d2-f0b3-4111-877c-ad81b37fb64c,pepsi.sexy,premium,10350.2,10350.2,high,low,5,spaceship,,,30/09/2026 06:38
b6cd3529-deab-449a-8b3b-4e36fd9ff60b,moses.sexy,premium,13000,13000,high,low,5,namecheap,,,19/09/2026 10:00
7d67da4c-f518-43c4-ab40-65574deee8bd,materialize.sexy,available,2587.7,2587.7,high,low,11,spaceship,,,01/10/2026 23:04
a9b0cc4c-5dea-4821-92f4-b237bebc9313,antipope.sexy,available,2749.99,2749.99,medium,low,8,namesilo,,,19/09/2026 15:00
ba9dd083-12a1-4fd3-9947-5fb136e4a1d9,confidant.sexy,available,2749.99,2749.99,high,low,9,namesilo,,,27/09/2026 06:52
c2dccbc2-fa01-4131-843f-4bf9b27aa010,devout.sexy,available,2749.99,2749.99,high,low,6,namesilo,,,27/09/2026 06:52
ed7333ad-e022-445f-bf6d-6c0d2ab65275,whiz.sexy,premium,13000,13000,high,low,4,namecheap,,,21/09/2026 18:01
d082e963-be01-41a9-b57d-edc23e26b98e,raccoon.sexy,available,2587.7,2587.7,high,low,7,spaceship,,,30/09/2026 09:06
06abccc8-445a-4b4a-b8f1-7d610085d875,slimed.sexy,available,2749.99,2749.99,medium,low,6,namesilo,,,10/09/2026 10:57
043df83f-b5be-4097-87fe-e3b4fdd19cc1,grayish.sexy,available,2749.99,2749.99,medium,low,7,namesilo,,,20/08/2026 18:56
e871cab4-210d-43e4-81d9-07edd69ccd24,unmarried.sexy,available,2749.99,2749.99,medium,low,9,namesilo,,,12/09/2026 15:26
75adf568-2e5c-4db3-9812-7589c44ab92a,curd.sexy,premium,13000,13000,medium,low,4,namecheap,,,24/09/2026 20:24
5fc8d3d2-a22d-451f-8c5f-b5f83124fc01,thankful.sexy,available,2749.99,2749.99,high,low,8,namesilo,,,24/09/2026 22:54
e35254ef-b50c-4779-9148-f32412638f5e,compostela.sexy,available,2749.99,2749.99,medium,low,10,namesilo,,,02/10/2026 20:47
f7020233-a10e-497e-9918-dd2f160eae9d,schema.sexy,available,2749.99,2749.99,high,low,6,namesilo,,,03/10/2026 02:03
4b1ed140-f156-466d-a477-11a1f36a2c5f,turbid.sexy,available,2749.99,2749.99,medium,low,6,namesilo,,,25/08/2026 01:10
ad459c92-f48b-4d8f-bdf7-df1ab59bf928,monkey.sexy,available,2749.99,2749.99,high,medium,6,namesilo,,,30/09/2026 05:09
469e481e-889b-4815-919d-2aa3959b15e7,maturation.sexy,available,2749.99,2749.99,high,low,10,namesilo,,,27/09/2026 06:52
401312c7-0159-40ab-9b2e-8b3f556eaa2e,aunts.sexy,premium,12500,12500,medium,low,5,name.com,,,18/09/2026 15:51
623d02e6-0e9b-49dd-9d52-502eef570725,bookable.sexy,available,2998,3298,medium,low,8,namecheap,,,10/08/2026 19:04
f037987e-caac-4105-a35a-5684731922be,manzanita.sexy,available,2749.99,2749.99,medium,low,9,namesilo,,,20/09/2026 01:04
0f42a53f-2b81-43be-8407-e945f67ab4f1,tet.sexy,premium,34500,34500,high,low,3,namesilo,,,30/09/2026 11:09
f23b1fe9-dd45-4272-8eb6-99a2a2a8c883,shoplift.sexy,available,2587.7,2587.7,medium,low,8,spaceship,,,30/09/2026 21:24
8121a861-987c-4928-87b8-2b6bec6d2b59,freeborn.sexy,available,2749.99,2749.99,medium,low,8,namesilo,,,18/08/2026 14:53
ee098123-dfb2-40de-be8e-107da19c0291,secularism.sexy,available,2587.7,2587.7,high,low,10,spaceship,,,03/10/2026 02:04
1af773a9-3d7a-475a-b806-241a396bfd5f,wilted.sexy,available,2749.99,2749.99,medium,low,6,namesilo,,,23/08/2026 13:24
24b4becd-2115-444e-a619-cb1638033cd9,seniors.sexy,available,2749.99,2749.99,high,low,7,namesilo,,,29/09/2026 05:13
9a2572ad-31c2-4d75-bf24-a9344f394a13,edith.sexy,premium,10350.2,10350.2,medium,low,5,spaceship,,,28/09/2026 16:20
4003691e-b608-49fc-b961-dd8f91b137b2,numb.sexy,premium,13000,13000,medium,low,4,namecheap,,,22/09/2026 19:39
280dd0f0-cf7f-41e7-a648-6306236be933,counter.sexy,available,2998,3298,high,low,7,namecheap,,,01/10/2026 17:51
4ebd4f03-ef43-4402-a4f9-5b5f0eeb926b,injectable.sexy,available,2749.99,2749.99,high,low,10,namesilo,,,22/08/2026 05:36
ed20cf8f-f6cd-42dc-9383-6ab27ac5896f,weeping.sexy,available,2749.99,2749.99,high,low,7,namesilo,,,12/08/2026 00:52
b553537b-329a-4098-9741-f1c55e8f61e8,alizarin.sexy,available,2998,3298,medium,low,8,namecheap,,,18/09/2026 08:12
ea0b53ac-2d2d-46fb-b8dc-97d23c264e45,montagu.sexy,available,2749.99,2749.99,medium,low,7,namesilo,,,20/09/2026 13:56
4081b9b4-14a7-4cf6-9088-83c59445a524,koh.sexy,premium,25875.2,25875.2,medium,low,3,spaceship,,,29/09/2026 04:20
92f94f67-ea0d-4ea5-8c49-104d0938a058,sigmoidal.sexy,available,2749.99,2749.99,high,medium,9,namesilo,,,10/09/2026 07:59
959dd453-093a-4ce7-b5af-a9b4e3e60aa0,mattered.sexy,available,2998,3298,medium,low,8,namecheap,,,01/10/2026 18:12
a68a10f3-c41a-4301-b454-bb725c0e0870,moorhead.sexy,available,2587.7,2587.7,medium,low,8,spaceship,,,30/09/2026 05:19
94f644f6-3abb-40c1-b4b7-859101a940c4,anatoxin.sexy,available,2749.99,2749.99,medium,low,8,namesilo,,,19/09/2026 03:34
51b6a5e9-d37c-4bc3-9108-44debeaa671c,belatedly.sexy,available,2998,3298,medium,low,9,namecheap,,,22/08/2026 20:25
80ed2f35-d28f-469b-bb62-e5bb61f5ed7d,remover.sexy,available,2587.7,2587.7,high,low,7,spaceship,,,30/09/2026 09:47
4ef35398-127c-45ab-8606-60760e3d2803,deniable.sexy,available,2749.99,2749.99,medium,low,8,namesilo,,,14/08/2026 01:50
4d793e65-bba2-4731-bab0-93c9f51a1344,lag.sexy,premium,34500,34500,high,low,3,namesilo,,,25/09/2026 10:16
26e7e092-2ae1-4180-b3e5-9187f0108e91,schoolbook.sexy,available,2998,3298,medium,low,11,namecheap,,,19/09/2026 07:03
6ee459c1-a7af-45c1-9316-597e4c959c3c,guides.sexy,available,2749.99,2749.99,high,low,6,namesilo,,,29/09/2026 16:42
abce4017-413a-44bc-9cfd-9fbf91d8d172,unlock.sexy,available,2749.99,2749.99,high,medium,6,namesilo,,,28/09/2026 11:10
a444d357-2a55-4593-9f9f-1c5ad75a1302,largo.sexy,premium,12500,12500,medium,low,5,name.com,,,22/08/2026 19:59
f64d2d96-d689-445d-9d15-3ee2bedc49cf,damnable.sexy,available,2999,2999,medium,low,8,name.com,,,13/08/2026 16:29
2129d4e7-3708-4ef6-b4db-6cc51a66302a,armagh.sexy,available,2587.7,2587.7,medium,low,6,spaceship,,,29/09/2026 10:03
f80dfdb4-9575-413e-bb97-4261b5e13676,vom.sexy,premium,25875.2,25875.2,medium,low,3,spaceship,,,30/09/2026 03:43
ac3149c5-ca3c-4b5b-b3ed-9b8eb92ba3fa,mars.sexy,premium,13800,13800,high,medium,4,namesilo,,,28/09/2026 06:21
f5276715-a0ab-42d2-acc1-673c721ea827,ohio.sexy,premium,11000,11000,high,low,4,dynadot,,,29/09/2026 04:57
2b2d6d97-ec06-4a29-9b29-06854cd8cdd9,seared.sexy,available,2749.99,2749.99,medium,low,6,namesilo,,,10/09/2026 00:52
1c8b0f74-6c3a-4b92-9aeb-c85bc8387c7c,animosity.sexy,available,2749.99,2749.99,medium,low,9,namesilo,,,19/09/2026 09:20
a66fc3af-2c14-476e-8466-b13b268261ae,perceiver.sexy,available,2749.99,2749.99,high,low,9,namesilo,,,08/09/2026 16:18
4fa6b054-ab06-4812-87c4-90a2a4fca904,completions.sexy,available,2998,3298,medium,low,11,namecheap,,,30/09/2026 00:48
b8ffa236-67e8-4755-88bf-7f956b4b4817,trembling.sexy,available,2749.99,2749.99,high,medium,9,namesilo,,,10/09/2026 06:41
4a62bbb4-a93e-4e63-b1af-e909435a8a76,parke.sexy,premium,13800,13800,medium,low,5,namesilo,,,28/09/2026 22:16
872c3e55-30b6-4ca4-a1d0-ba501a641813,enlighten.sexy,available,2587.7,2587.7,high,low,9,spaceship,,,30/09/2026 18:09
07edc309-abaa-4ddf-8a2d-325bb2aafc72,televised.sexy,available,2749.99,2749.99,high,low,9,namesilo,,,21/09/2026 05:39
a0ab9bcf-2a4e-495e-8be7-057bef6be865,czechoslovak.sexy,available,2749.99,2749.99,medium,low,12,namesilo,,,26/09/2026 03:18
4a77f67d-4c0f-40f7-92fc-04fa21fb8aed,aye.sexy,premium,27500,27500,high,low,3,dynadot,,,29/09/2026 14:22
afdcf358-92b3-46c3-9713-13fca1671ccf,rodent.sexy,available,2587.7,2587.7,medium,low,6,spaceship,,,29/09/2026 19:04
b5b33633-c7dd-412e-b24f-10b004624545,howie.sexy,premium,13800,13800,medium,low,5,namesilo,,,29/09/2026 22:05
52aa29fd-fa40-4491-a4b6-2a2f5e048aeb,kearney.sexy,available,2749.99,2749.99,high,low,7,namesilo,,,28/09/2026 04:09
3e29565f-60d4-4db0-8ff8-39c38c9fc327,durkheim.sexy,available,2587.7,2587.7,high,low,8,spaceship,,,02/10/2026 04:38
dc3c6691-ad28-49ac-9534-86a6a533a950,depot.sexy,premium,13000,13000,high,low,5,namecheap,,,11/09/2026 11:49
75356269-8172-4da9-972b-6d3e24e25829,schulz.sexy,available,2749.99,2749.99,high,low,6,namesilo,,,28/09/2026 13:42
09313bf7-40ea-4da9-b7de-0a32cefa1bf2,reyes.sexy,premium,13800,13800,high,low,5,namesilo,,,25/09/2026 23:52
c06b2627-83ec-4e1e-98ed-3e7ee6f22691,casanova.sexy,available,2749.99,2749.99,high,low,8,namesilo,,,02/10/2026 04:18
25b8dce5-cc3b-4e78-a24b-f83abd8ffca2,silva.sexy,premium,10350.2,10350.2,high,low,5,spaceship,,,30/09/2026 02:53
c646f7db-e45e-42f1-9450-1228cf15006e,chlorine.sexy,available,2749.99,2749.99,high,low,8,namesilo,,,12/08/2026 09:10
082a094c-426e-42f7-aec0-d5ede379676f,swimmer.sexy,available,2749.99,2749.99,high,low,7,namesilo,,,22/09/2026 13:29
60ac8ecd-0ad4-480b-aadf-8070e36cd54d,ararat.sexy,available,2749.99,2749.99,medium,low,6,namesilo,,,20/09/2026 00:11
0e11209f-ce5e-45ae-b730-60134775da3c,prospect.sexy,available,2998,3298,high,low,8,namecheap,,,28/09/2026 14:06
af4245f4-ce30-448c-9857-df0f33618376,serbs.sexy,premium,13000,13000,medium,low,5,namecheap,,,20/09/2026 12:11
8f507b89-619e-4ff1-b52b-c30a55e8ebcd,calculus.sexy,available,2749.99,2749.99,high,low,8,namesilo,,,30/09/2026 00:56
82d47fb5-5d95-4bdd-98a2-597997e90285,stuff.sexy,premium,13000,13000,high,low,5,namecheap,,,25/09/2026 17:52
d030cf6c-592b-4b4c-94f5-2b9ff8974631,sachs.sexy,premium,13800,13800,medium,low,5,namesilo,,,27/09/2026 01:53
e317f60e-5c67-49ba-9594-173c22834f03,feign.sexy,premium,13000,13000,high,medium,5,namecheap,,,09/09/2026 01:48
f53b7c29-43dc-4fb2-a56d-f3fbab1dd6d6,antares.sexy,available,2749.99,2749.99,medium,low,7,namesilo,,,19/09/2026 12:34
526497b6-d3b9-4615-bcff-e6e291419a78,last.sexy,premium,13800,13800,high,low,4,namesilo,,,30/09/2026 14:49
5e8f9a75-20df-4bf2-a5f1-f3a1fa1113ba,cannibal.sexy,available,2749.99,2749.99,medium,low,8,namesilo,,,19/09/2026 13:56
d38e4620-7ed4-413d-b1c0-778f9cb17d5d,brochures.sexy,available,2749.99,2749.99,medium,low,9,namesilo,,,02/10/2026 23:13
5ac576a4-b065-4c84-9e53-25d1961950dd,geoff.sexy,premium,11000,11000,medium,low,5,dynadot,,,28/09/2026 07:55
bf73898c-fc7e-4a80-afe2-2482eccf2112,activation.sexy,available,2998,3298,high,low,10,namecheap,,,
bded89b0-0ab9-4271-9f8b-df80bcb4556a,parlour.sexy,available,2675.22,2675.22,high,low,7,dynadot,,,02/10/2026 15:22
ca38e85a-0be6-4813-a013-500ec65a0ce9,puritan.sexy,available,2749.99,2749.99,high,low,7,namesilo,,,03/10/2026 01:51
1db40bbf-5e00-4860-b190-9736bcb5a7ab,motorcar.sexy,available,2749.99,2749.99,high,low,8,namesilo,,,21/09/2026 05:29
679a0aa1-da1b-4061-9a57-cb985069b52b,asklepios.sexy,available,2749.99,2749.99,medium,low,9,namesilo,,,17/09/2026 13:21
5ec26664-e729-48a7-b2a4-1dabb12c65e1,simplicity.sexy,available,2675.22,2675.22,high,low,10,dynadot,,,29/09/2026 08:19
fb18e7a1-13b9-4e60-b80a-c508a0012307,glacial.sexy,available,2749.99,2749.99,medium,low,7,namesilo,,,18/08/2026 16:28
06834e47-821f-4b47-b565-14b5c12c66b5,sewers.sexy,available,2587.7,2587.7,low,low,6,spaceship,,,01/10/2026 16:30
7d94141b-8f8d-4c74-a947-cda8e0f66094,incurably.sexy,available,2749.99,2749.99,medium,low,9,namesilo,,,15/09/2026 07:45
ae68f10b-5d54-4c9a-8561-c9d9bd3fc113,abundance.sexy,available,2998,3298,high,low,9,namecheap,,,16/09/2026 19:01
40f7adc4-044c-4953-bcfb-bab033f23ba8,sunless.sexy,available,2749.99,2749.99,medium,low,7,namesilo,,,12/08/2026 12:31
e0b90742-2916-4a54-9c3b-4573fb8f5ad4,marburg.sexy,available,2749.99,2749.99,medium,low,7,namesilo,,,29/09/2026 10:08
8035bff8-ee5a-4033-ac1f-7ed5575fb992,vogue.sexy,premium,10350.2,10350.2,high,low,5,spaceship,,,29/09/2026 02:30
2090de6f-6f17-4de8-b768-c7f52d67968e,chilean.sexy,available,2749.99,2749.99,high,low,7,namesilo,,,12/08/2026 05:15
96b387c7-5588-4535-8152-c6225b56dc8c,astor.sexy,premium,13800,13800,medium,low,5,namesilo,,,20/09/2026 17:29
d89f4348-c81b-434a-9553-f3b5008fc7d7,braga.sexy,premium,10350.2,10350.2,high,low,5,spaceship,,,30/09/2026 08:48
d2aaf832-b4f3-402a-a401-4ef096c028a0,extempore.sexy,available,2998,3298,medium,low,9,namecheap,,,
c7cc118d-b4bc-4dc5-8f89-4a29db5754ca,services.sexy,available,2749.99,2749.99,high,low,8,namesilo,,,30/09/2026 10:59
52b998b9-7085-4952-ae3a-f149697bcd9d,cultured.sexy,available,2749.99,2749.99,high,low,8,namesilo,,,08/09/2026 09:18
cb77b1ba-dc90-495b-b6e8-a73594157f57,aeonium.sexy,available,2749.99,2749.99,medium,low,7,namesilo,,,17/09/2026 12:40
c023bca9-0991-4972-85bc-3d20c3f590ac,selective.sexy,available,2749.99,2749.99,high,low,9,namesilo,,,10/09/2026 01:58
86ec0e8f-571d-488b-a81e-ee8aaaa59bd4,leed.sexy,premium,13000,13000,high,low,4,namecheap,,,30/09/2026 20:18
bf2b993e-41b9-4c30-bf1e-48541cc0a603,lucania.sexy,available,2998,3298,medium,low,7,namecheap,,,22/09/2026 10:51
1622d4c9-62e2-49e6-9eed-3ca832a6e3ce,bagging.sexy,available,,,medium,low,7,,,,21/09/2026 18:06
ca853a1a-fc1e-4b42-a1c1-33833f94fbc3,paperback.sexy,available,2749.99,2749.99,high,low,9,namesilo,,,27/09/2026 02:40
2a8bf059-463a-47d6-8c20-8a85ce407bfa,sinhalese.sexy,available,2749.99,2749.99,high,medium,9,namesilo,,,10/09/2026 08:23
f4b128d8-c89e-4aa0-b575-b72834f4e07b,proteins.sexy,available,2749.99,2749.99,medium,low,8,namesilo,,,08/09/2026 07:13
b48f285c-1fcf-40bd-a1f0-05af77a34422,translunar.sexy,available,2749.99,2749.99,medium,low,10,namesilo,,,11/09/2026 02:19
a452cb9d-186b-4a98-894b-33ef8abc7d15,scuba.sexy,premium,13800,13800,high,low,5,namesilo,,,19/09/2026 22:55
f72dcf83-c710-41d4-b802-4d0b71ebf6a2,slavery.sexy,available,2749.99,2749.99,high,low,7,namesilo,,,10/09/2026 10:30
7f676810-7bb5-45f2-ac29-8115dfb80caa,ferris.sexy,available,2749.99,2749.99,medium,low,6,namesilo,,,28/09/2026 22:04
62955604-f92a-42b4-9073-fbbe4b11e4b8,teary.sexy,premium,13000,13000,medium,low,5,namecheap,,,11/09/2026 09:50
6eb7c1e8-18b2-467b-bc04-ec430b6d35c7,count.sexy,premium,13800,13800,high,low,5,namesilo,,,25/09/2026 23:32
9a93b499-49c1-44e6-a7d8-bca28ff9829d,anemometer.sexy,available,2749.99,2749.99,medium,low,10,namesilo,,,19/09/2026 05:15
5c4f050f-f370-45b2-b7ec-e2fcb5e9e1ae,accede.sexy,available,2749.99,2749.99,high,low,6,namesilo,,,20/09/2026 16:11
9f605919-f960-452d-8463-0f3c8c19e558,mercy.sexy,premium,13800,13800,high,low,5,namesilo,,,25/09/2026 09:18
a8cd468b-2103-4180-9a65-72eff720d475,deprived.sexy,available,2749.99,2749.99,medium,low,8,namesilo,,,14/08/2026 02:45
64e0036f-b6b9-4286-b377-6b9de42344ff,choreography.sexy,available,2587.7,2587.7,high,low,12,spaceship,,,01/10/2026 15:29
d273a06e-48b3-445b-a31a-8be6d57489b6,kettering.sexy,available,2575.18,2575.18,medium,low,9,porkbun,,,29/09/2026 06:20
7d4da44b-7eb5-4129-ad55-a8c6f2688644,wimp.sexy,premium,13000,13000,medium,low,4,namecheap,,,24/09/2026 19:54
32c47351-de74-4afb-8d90-0aab38fd12d2,strengthen.sexy,available,2587.7,2587.7,high,low,10,spaceship,,,30/09/2026 15:38
c9244ae7-5a21-4c5b-b646-da9c0a7c8af7,poetical.sexy,available,2749.99,2749.99,high,low,8,namesilo,,,08/09/2026 22:34
e4093be0-2ff1-4b11-9594-78c06333cd82,sublunar.sexy,available,2749.99,2749.99,medium,low,8,namesilo,,,12/08/2026 08:27
f991f30d-a32c-4ee8-8cfa-d05e919ec794,artist.sexy,available,2575.18,2575.18,high,low,6,porkbun,,,01/10/2026 20:15
f5aca768-164c-4451-8003-c0b796c2213b,indonesians.sexy,available,2749.99,2749.99,medium,low,11,namesilo,,,02/10/2026 02:56
d31d4f3b-293e-4fad-8510-0da9053a69b6,ivanhoe.sexy,available,2587.7,2587.7,medium,low,7,spaceship,,,01/10/2026 08:05
741446c6-62b0-4f46-8300-cb25ba2772f4,nicaraguan.sexy,available,2749.99,2749.99,medium,low,10,namesilo,,,03/09/2026 17:03
5434cbd9-018b-42d2-bd64-a0218f8ae93a,tori.sexy,premium,13000,13000,high,low,4,namecheap,,,02/10/2026 20:03
b35c981f-6cb3-4e20-a81f-c918303fce89,keane.sexy,premium,13000,13000,medium,low,5,namecheap,,,28/09/2026 18:07
94fb284a-3ecb-43f9-9886-6afc921a056d,statuary.sexy,available,2998,3298,medium,low,8,namecheap,,,10/09/2026 19:16
3a44e10f-75e8-4296-924d-a95af2ac8bd6,muscovite.sexy,available,2749.99,2749.99,medium,low,9,namesilo,,,03/09/2026 11:26
43534baf-2689-44c2-ae93-aa681eebe332,glencoe.sexy,available,2998,3298,medium,low,7,namecheap,,,30/09/2026 22:11
e380c547-f903-485d-91f2-db6b408b6478,adad.sexy,premium,13800,13800,medium,low,4,namesilo,,,17/09/2026 06:02
f99058e4-6d6e-4a51-a71c-b55afde5eef9,upcoming.sexy,available,2749.99,2749.99,high,low,8,namesilo,,,06/08/2026 08:39
b5c87f0e-8c9e-4c66-b5b0-dfe8873202f1,steele.sexy,available,2749.99,2749.99,high,low,6,namesilo,,,28/09/2026 10:56
9af87678-3c93-49a6-8a3f-df1b6b783a7b,pithy.sexy,premium,13800,13800,high,low,5,namesilo,,,19/09/2026 23:01
e90e2b82-93f3-4c3a-a006-0ae19ce56e63,piscine.sexy,available,2998,3298,high,medium,7,namecheap,,,08/09/2026 20:00
87ccafdf-7ec0-4278-b6aa-89354e47dbe7,davao.sexy,premium,10350.2,10350.2,medium,low,5,spaceship,,,30/09/2026 22:13
bfe19086-8f15-4b9e-a2c9-01f822effaf2,bedsore.sexy,available,2749.99,2749.99,medium,low,7,namesilo,,,22/09/2026 23:40
eecaeaad-134f-44c1-b05d-e18233b6d169,dresden.sexy,available,2749.99,2749.99,high,low,7,namesilo,,,30/09/2026 17:05
69772917-32a8-4bfa-8b20-2cf7883b807e,mystic.sexy,available,2749.99,2749.99,high,low,6,namesilo,,,03/09/2026 12:22
8378b1fb-0b03-4a20-8110-3287bce3580c,paf.sexy,premium,27500,27500,high,low,3,dynadot,,,01/10/2026 23:20
65274ff1-b276-4a8d-8da3-3b5373e9f354,gallaudet.sexy,available,2749.99,2749.99,medium,low,9,namesilo,,,02/10/2026 15:23
585c9d32-85ae-4dd7-9c35-ea303b688d14,appliances.sexy,available,2749.99,2749.99,medium,low,10,namesilo,,,30/09/2026 14:41
a5e2f2ee-989a-4b83-9cc9-5bb76cc59a5b,petulant.sexy,available,2749.99,2749.99,medium,low,8,namesilo,,,22/08/2026 10:27
aa6f6e13-a278-4dd3-a919-9f9f9233fcd7,ruminant.sexy,available,2998,3298,high,medium,8,namecheap,,,09/09/2026 19:22
7c831ca1-78c8-45a8-8328-655af7e7b6c9,denys.sexy,premium,13800,13800,medium,low,5,namesilo,,,01/10/2026 08:46
b143f66c-459f-4f09-9b74-caf9a8d6ad86,subsidiary.sexy,available,2749.99,2749.99,high,low,10,namesilo,,,02/10/2026 12:25
4e0992a4-9885-4985-84be-bacb5e97b082,greeted.sexy,available,2587.7,2587.7,medium,low,7,spaceship,,,30/09/2026 06:48
40f69592-f6e8-4e62-8c60-ff7ff4d43303,blowback.sexy,available,2749.99,2749.99,medium,low,8,namesilo,,,21/09/2026 15:28
cf3de196-0abb-4ded-81b7-a9c06d2e7b87,villainous.sexy,available,2749.99,2749.99,medium,low,10,namesilo,,,03/09/2026 14:59
2e0724e2-579c-4475-944f-b07758675006,julian.sexy,available,2749.99,2749.99,high,low,6,namesilo,,,27/09/2026 06:57
9a20c0e4-1471-491e-98af-8e406ffd17f6,procurable.sexy,available,2749.99,2749.99,medium,low,10,namesilo,,,18/08/2026 23:08
166ee482-1fb5-4bf2-8ee8-d05ba404cedb,copaiba.sexy,available,2749.99,2749.99,medium,low,7,namesilo,,,22/09/2026 00:08
11f6470d-dd36-478c-a4df-e4588dc4615c,masked.sexy,available,2749.99,2749.99,high,low,6,namesilo,,,12/08/2026 11:32
6eed8166-bb71-42f6-97db-3bc356fec0ff,daytona.sexy,available,2587.7,2587.7,high,low,7,spaceship,,,28/09/2026 04:21
1eda654b-6b51-41a5-b57f-a04f151dbbc3,albacore.sexy,available,2749.99,2749.99,high,low,8,namesilo,,,18/09/2026 02:20
c3d2d0e4-5b2d-4815-b235-006f215bcad0,rebuilt.sexy,available,2749.99,2749.99,high,low,7,namesilo,,,29/09/2026 16:05
66d61142-1773-44c5-b8c6-04adb78d2ade,atrazine.sexy,available,2998,3298,medium,low,8,namecheap,,,21/09/2026 00:37
73525776-2de3-4950-b3fd-99defc865b9e,tenderly.sexy,available,2749.99,2749.99,high,low,8,namesilo,,,16/09/2026 08:17
23f8f31d-de30-4613-8c9b-5416336e76e3,comstock.sexy,available,2749.99,2749.99,high,low,8,namesilo,,,19/09/2026 13:40
e202e6da-e6ac-4071-bfa5-f462ed9200a5,consular.sexy,available,2749.99,2749.99,high,low,8,namesilo,,,12/08/2026 23:02
62ee259d-7237-4f54-aa24-487bd459cd95,lxxxi.sexy,premium,12500,12500,medium,low,5,name.com,,,
790aa078-ef5c-4b38-9737-d87a1ed09b8e,panther.sexy,available,2587.7,2587.7,high,low,7,spaceship,,,29/09/2026 11:45
859e757f-a723-4f09-a729-3fa57c9e0f66,pots.sexy,premium,13800,13800,high,low,4,namesilo,,,28/09/2026 16:57
9f2f5dfe-8eee-4e10-a6a6-e6381e50d0d6,agave.sexy,premium,13800,13800,high,low,5,namesilo,,,17/09/2026 16:37
93c6e746-808b-4a2f-b1af-1c284c2f09f5,shadowy.sexy,available,2749.99,2749.99,medium,low,7,namesilo,,,10/09/2026 05:28
4f880a1e-633b-4ea1-9c8c-19c4a6a5109c,williamsburg.sexy,available,2998,3298,medium,low,12,namecheap,,,27/09/2026 01:57
d0b9d2f4-a4fd-487b-88e1-98231e377636,assign.sexy,available,2749.99,2749.99,high,low,6,namesilo,,,21/09/2026 02:19
54f5c458-cf7b-4333-854a-1a0fa0d306c3,rate.sexy,premium,13800,13800,high,low,4,namesilo,,,24/09/2026 13:46
a209d617-eaa0-4db9-b303-c529b3ef7cd0,nighttime.sexy,available,2587.7,2587.7,high,low,9,spaceship,,,03/10/2026 01:44
454c1a66-72ae-4d0e-86e8-4d5fd274c538,woops.sexy,premium,11000,11000,medium,low,5,dynadot,,,02/10/2026 00:51
8fd09007-3cb2-45ec-9fed-1430de05a2bc,poor.sexy,premium,13800,13800,medium,low,4,namesilo,,,24/09/2026 23:28
df5b005f-4c52-47cd-bd45-74ddf3d9d27b,kwame.sexy,premium,10350.2,10350.2,medium,low,5,spaceship,,,01/10/2026 23:56
ac424df4-3084-41ec-b9e5-2e7f6b8e51b6,flood.sexy,premium,13800,13800,high,low,5,namesilo,,,29/09/2026 13:53
8044336a-4e0a-4b53-9e6f-234a2fd5d489,minds.sexy,premium,13000,13000,medium,low,5,namecheap,,,25/09/2026 20:20
95f2010c-619b-4ace-8135-13c16165d62f,deceptive.sexy,available,2998,3298,medium,low,9,namecheap,,,13/08/2026 21:16
7dbafcb1-fdbb-45d8-b782-e856df404360,burberry.sexy,available,2749.99,2749.99,high,medium,8,namesilo,,,24/09/2026 11:17
16e6438e-77ff-41a1-94f2-c4f8aacca3a9,mastery.sexy,available,2749.99,2749.99,high,low,7,namesilo,,,30/09/2026 10:33
2c398378-bbaf-49b3-a110-b0a8660cf1b7,nourished.sexy,available,2749.99,2749.99,high,low,9,namesilo,,,03/09/2026 22:12
58b67e26-e3c1-45e2-8eae-971848d70770,methodology.sexy,available,2749.99,2749.99,high,low,11,namesilo,,,30/09/2026 06:02
7ba6b170-99f6-48f2-b373-7c8a9b809468,olympus.sexy,available,2587.7,2587.7,high,high,7,spaceship,,,30/09/2026 18:05
a5f5f57b-93b8-4ba8-856b-77e3a51eec0d,esteemed.sexy,available,2749.99,2749.99,high,low,8,namesilo,,,17/08/2026 13:23
58708c54-81dd-49fa-8d8f-fe665c47e1ec,gravelly.sexy,available,2998,3298,medium,low,8,namecheap,,,20/08/2026 18:27
bb45b7da-e18e-40e3-883e-e675a8646641,whorled.sexy,available,2749.99,2749.99,medium,low,7,namesilo,,,12/08/2026 16:18
a71de021-3381-489d-b0fd-281dbf016114,pigboat.sexy,available,2749.99,2749.99,medium,low,7,namesilo,,,11/09/2026 00:21
80d17298-c61b-4f03-b7e5-21e83d4b7666,inconsistent.sexy,available,2749.99,2749.99,medium,low,12,namesilo,,,01/10/2026 06:14
31f76cd2-22f3-4834-b91b-380d78c2b730,smolensk.sexy,available,2587.7,2587.7,medium,low,8,spaceship,,,30/09/2026 11:04
a3a97327-4c28-4a23-a814-daecfa110f85,prow.sexy,premium,12500,12500,medium,low,4,name.com,,,18/08/2026 11:28
c4370dde-f688-44aa-b1b4-8a3fc4799f39,beaner.sexy,available,2998,3298,medium,low,6,namecheap,,,22/09/2026 20:26
e27df390-a46a-4273-b481-ad6bfc3c3fa0,cyclosis.sexy,available,2749.99,2749.99,high,low,8,namesilo,,,10/09/2026 22:24
0e9152fa-9276-468d-ba75-385429f4b1bc,outer.sexy,premium,10350.2,10350.2,high,low,5,spaceship,,,01/10/2026 03:47
074834f8-f544-429a-9ddd-c77f1e5943dc,perpendicular.sexy,available,2749.99,2749.99,medium,low,13,namesilo,,,03/10/2026 02:36
a2e12e72-1b2f-4a0f-90da-f6adcc44f8d5,justifiable.sexy,available,2587.7,2587.7,high,low,11,spaceship,,,02/10/2026 18:06
2c32db29-d59b-4fb7-a005-295b667afae5,ixl.sexy,available,,,medium,low,3,,,,
cd2c3bdc-9046-4125-9944-24480268aaa8,feathery.sexy,available,2749.99,2749.99,high,low,8,namesilo,,,18/08/2026 00:18
7e58c692-d9fa-43e2-bfbb-3e00f97050ae,confer.sexy,available,2575.18,2575.18,high,low,6,porkbun,,,02/10/2026 17:14
6581e1ae-b773-41fc-a027-29961a63a0e3,compelling.sexy,available,2998,3298,high,low,10,namecheap,,,23/09/2026 17:02
756414ed-9bde-45f3-b599-964f2b6f530a,luftwaffe.sexy,available,2587.7,2587.7,medium,low,9,spaceship,,,28/09/2026 09:53
c5a70ae7-06d4-46e1-ba28-bc5ddda12626,propulsion.sexy,available,2749.99,2749.99,high,low,10,namesilo,,,17/09/2026 05:22
e2020394-3ab0-4ff5-8a4f-cf55a8786edd,assembled.sexy,available,2587.7,2587.7,medium,low,9,spaceship,,,28/09/2026 23:20
b135f225-7355-4975-ad22-e7a87cd4585e,stamping.sexy,available,2749.99,2749.99,high,low,8,namesilo,,,02/10/2026 07:11
09e62a46-0931-4d38-a73e-b62cec9f6832,boy.sexy,premium,25875.2,25875.2,high,low,3,spaceship,,,29/09/2026 03:52
e756b9b8-1c22-49fa-b71e-2e30910af5ea,terse.sexy,premium,12500,12500,medium,low,5,name.com,,,22/08/2026 18:16
e7112bee-3104-434c-8222-88c428f5c224,racehorse.sexy,available,2999,2999,high,low,9,name.com,,,22/09/2026 01:58
ed6e6801-0de8-47dc-b17b-a7c69ba4d42e,staggering.sexy,available,2998,3298,medium,low,10,namecheap,,,10/09/2026 18:08
7f2c4298-4a80-4ecc-ba34-76616f79f883,weekend.sexy,available,2998,3298,medium,low,7,namecheap,,,29/09/2026 15:56
7018650c-5859-4eb0-b8a2-6e941b690bca,ssw.sexy,premium,34500,34500,high,low,3,namesilo,,,16/09/2026 05:21
c26f4911-56cb-4852-a29b-49d092ea27db,phantasmal.sexy,available,2749.99,2749.99,medium,low,10,namesilo,,,06/08/2026 05:33
a476b5c8-9ea6-4546-8c14-08d08aa5810a,jin.sexy,premium,25875.2,25875.2,high,low,3,spaceship,,,28/09/2026 07:26
d0b137a4-b0f6-448f-aa3d-74cfa266b503,collapsing.sexy,available,2749.99,2749.99,low,low,10,namesilo,,,20/09/2026 17:39
8340fb23-e6ae-4c5a-83e6-e725f929ae96,hairy.sexy,premium,13800,13800,high,low,5,namesilo,,,24/09/2026 23:10
ddc8f167-767d-4f98-befb-cc5f3a097e85,fidelity.sexy,available,2749.99,2749.99,high,medium,8,namesilo,,,29/09/2026 06:51
477da406-9637-48ea-9884-b7cfe234076f,weak.sexy,premium,13800,13800,high,low,4,namesilo,,,24/09/2026 04:57
021d2764-b14d-49a4-846f-f375424cc117,aneroid.sexy,available,2749.99,2749.99,medium,low,7,namesilo,,,
7b2ff5ba-e0dd-4f09-9366-e0fa3c2e09ab,noiseless.sexy,available,2998,3298,medium,low,9,namecheap,,,03/09/2026 18:13
8c1dec3c-7f8d-47de-a191-563b9ca32de5,antiracist.sexy,available,2749.99,2749.99,high,low,11,namesilo,,,01/10/2026 13:07
c8706ddb-8c8c-4719-8d94-928dbf17c7eb,nigerien.sexy,available,2749.99,2749.99,medium,low,8,namesilo,,,03/09/2026 17:14
59506906-99d7-4ace-ada7-a01d15f7c05d,accessories.sexy,available,2587.7,2587.7,medium,low,11,spaceship,,,01/10/2026 18:53
bb81f852-5db2-47e6-a78d-9d0683f84a39,shrieking.sexy,available,2749.99,2749.99,medium,low,9,namesilo,,,09/09/2026 23:55
f04e182a-634b-42f7-9d16-bd3142e191f1,agincourt.sexy,available,2998,3298,medium,low,9,namecheap,,,17/09/2026 17:59
fb896044-4e31-4c66-8392-5e0ed1a10235,sabbath.sexy,available,2749.99,2749.99,high,low,7,namesilo,,,29/09/2026 13:53
65d7e2b9-dc7f-4994-9e92-6c9b3fda3f02,bilgy.sexy,premium,12500,12500,medium,low,5,name.com,,,09/08/2026 21:16
6a26cf27-0b39-4418-827a-ae79cd5517f3,orgy.sexy,premium,13800,13800,high,low,4,namesilo,,,23/09/2026 17:17
eace31e5-6060-4fd6-943f-b618d14ae987,sluggish.sexy,available,2749.99,2749.99,medium,low,8,namesilo,,,10/09/2026 11:29
0da2b502-27d2-4249-88f7-b0d4cf03888e,untrod.sexy,available,2749.99,2749.99,medium,low,6,namesilo,,,08/09/2026 10:33
9241bc13-6684-4b9a-a55b-b7be1d2d0b8f,rejection.sexy,available,2675.22,2675.22,high,low,9,dynadot,,,30/09/2026 09:31
143c0907-b7e9-4373-94a6-1d6381d9e4dc,boils.sexy,premium,13800,13800,low,low,5,namesilo,,,02/10/2026 22:15
4d3c7aaf-bdda-429d-a632-d8240880ebe0,fraudulent.sexy,available,2998,3298,medium,low,10,namecheap,,,13/08/2026 21:10
dc8b4799-6022-4d31-b8b1-cef36567cb70,arikara.sexy,available,2749.99,2749.99,medium,low,7,namesilo,,,20/09/2026 05:16
282f8d5c-64ec-4e91-9e16-c73b0fc53a86,shameful.sexy,available,2749.99,2749.99,medium,low,8,namesilo,,,14/08/2026 10:28
30c3cedb-6d56-425e-8f80-d75cf60cc769,hallux.sexy,available,2749.99,2749.99,medium,low,6,namesilo,,,23/09/2026 14:56
e39837c6-c7fc-4c03-9284-a2c2d60e9cf8,ost.sexy,premium,25875.2,25875.2,high,low,3,spaceship,,,29/09/2026 03:13
d6a39bdb-fd03-48c7-acc7-849fcbcc29ca,marker.sexy,available,2749.99,2749.99,high,low,6,namesilo,,,28/09/2026 06:21
3be634a1-bb88-48e7-8368-783ebe2ff2ba,lynchburg.sexy,available,2587.7,2587.7,medium,low,9,spaceship,,,28/09/2026 14:48
1e327509-3232-46a6-ae07-fa7cd6922bec,candid.sexy,available,2749.99,2749.99,high,low,6,namesilo,,,27/09/2026 06:52
ed7ba060-65f1-44fb-95c8-595e47cfd625,biophysics.sexy,available,2998,3298,high,low,10,namecheap,,,23/09/2026 18:50
dd1a86e5-950e-4915-a83b-4ffe22e85994,connector.sexy,available,2998,3298,high,low,9,namecheap,,,24/09/2026 17:23
dae84da0-12ee-4aa5-941e-493c4c691ffe,cracks.sexy,available,2749.99,2749.99,low,low,6,namesilo,,,28/09/2026 13:17
ed4ffd78-c6b1-425c-8539-0f2e00569264,code.sexy,premium,10350.2,10350.2,high,medium,4,spaceship,,,01/10/2026 15:24
47096f14-4068-4523-82db-ba9c3f93c322,apologist.sexy,available,2749.99,2749.99,medium,low,9,namesilo,,,19/09/2026 18:45
8c8d6812-d6a7-4d5f-bb61-f990cfe99584,grey.sexy,premium,13000,13000,high,low,4,namecheap,,,08/09/2026 07:08
e81e9eb4-3f3d-42da-957c-ca9046f6a051,sul.sexy,premium,34500,34500,medium,low,3,namesilo,,,27/09/2026 10:19
f9de9294-67dc-4cfa-b137-f14fe00f4929,hour.sexy,premium,10350.2,10350.2,high,low,4,spaceship,,,28/09/2026 16:53
ce07b057-4ebf-43b6-883a-314c8506e581,jawless.sexy,available,2749.99,2749.99,medium,low,7,namesilo,,,22/08/2026 12:34
1611c4b1-8971-4b7d-91a8-a3add549d3c5,gretchen.sexy,available,2749.99,2749.99,high,low,8,namesilo,,,29/09/2026 09:29
6d2e579b-9aba-4250-a74b-5c667dc0c927,totals.sexy,available,2749.99,2749.99,medium,low,6,namesilo,,,20/09/2026 12:03
9664ee2d-5777-4416-a8a5-79ef9c6303d8,beanfeast.sexy,available,2998,3298,high,low,9,namecheap,,,22/09/2026 20:29
ec0bd705-8d32-4f43-a23d-a0349e563a2f,ascent.sexy,available,2749.99,2749.99,high,low,6,namesilo,,,22/09/2026 09:19
0b74131d-7d89-49e8-934f-a81afcd358f6,foyer.sexy,premium,13800,13800,high,low,5,namesilo,,,19/09/2026 12:45
035b73ec-5141-4ef5-bd4d-d309d60d0dd8,lxxi.sexy,premium,12500,12500,medium,low,4,name.com,,,
edca8941-5118-41fc-ae71-ef580d4776ed,alienation.sexy,available,2749.99,2749.99,high,low,10,namesilo,,,18/09/2026 07:35
8d42f068-d5bb-44a5-a673-8803b73a7e56,monica.sexy,available,2749.99,2749.99,high,low,6,namesilo,,,25/09/2026 13:55
0b81b9d5-099c-4c9f-9f6f-b86727cefbc4,alternative.sexy,available,2749.99,2749.99,high,low,11,namesilo,,,26/09/2026 00:42
325d3990-23ab-4598-a453-8258c298f59e,mlc.sexy,premium,27500,27500,high,medium,3,dynadot,,,02/10/2026 18:10
36397a60-f0e1-47d1-9862-e05a1b5aa93f,villiers.sexy,available,2575.18,2575.18,medium,low,8,porkbun,,,29/09/2026 09:13
6b695d27-547f-48c8-92a8-be0c65758f2a,female.sexy,available,2749.99,2749.99,high,low,6,namesilo,,,24/09/2026 11:24
2e379278-db32-4da1-b3cb-5df24a89f6b5,shake.sexy,premium,13800,13800,high,low,5,namesilo,,,25/09/2026 06:52
31423b32-747a-4262-a335-ecc30dfbe0a3,unmarked.sexy,available,2998,3298,medium,low,8,namecheap,,,04/09/2026 21:06
fb032122-cfb1-4abf-98ba-4728b2cc95eb,membership.sexy,available,2587.7,2587.7,high,low,10,spaceship,,,28/09/2026 06:23
3babb7e6-1779-4cbd-a692-4d07f678fd46,inception.sexy,available,2587.7,2587.7,high,low,9,spaceship,,,29/09/2026 23:45
9210c478-3d4e-49d9-8fc8-4a8881817d31,newcomers.sexy,available,2675.22,2675.22,high,low,9,dynadot,,,02/10/2026 03:04
9aae94e7-c80c-494a-96fb-bce8a34e91f7,milanese.sexy,available,2749.99,2749.99,medium,low,8,namesilo,,,24/08/2026 22:53
815acf27-33f6-495b-ae9f-a752110e4d90,modernist.sexy,available,2749.99,2749.99,high,low,9,namesilo,,,27/09/2026 04:47
961f95d8-bd47-476f-b06a-4bf86482a1bb,unreadable.sexy,available,2749.99,2749.99,medium,low,10,namesilo,,,22/08/2026 02:25
9626e7f1-c3ab-42f2-a8ac-64deb12c9335,reminder.sexy,available,2675.22,2675.22,high,low,8,dynadot,,,28/09/2026 18:51
314a0755-c369-4b5f-a76a-98c527c12ca5,aleph.sexy,premium,13800,13800,high,low,5,namesilo,,,18/09/2026 05:19
2d033c42-3eb8-4527-b294-11af3bd4179f,nagoya.sexy,available,2749.99,2749.99,medium,low,6,namesilo,,,28/09/2026 10:28
467c58f6-1f74-4e09-9c50-f4e1ba009001,governments.sexy,available,2749.99,2749.99,low,low,11,namesilo,,,28/09/2026 23:34
bc019bf4-42a8-4a1b-9cb8-2ecf6a760798,ananas.sexy,available,2749.99,2749.99,high,low,6,namesilo,,,19/09/2026 02:03
f9b7c368-8b42-49f8-87dd-e427b123293d,shipley.sexy,available,2587.7,2587.7,medium,low,7,spaceship,,,29/09/2026 09:53
6694005c-0328-4c3a-ac2a-52a4905e4c47,autoloader.sexy,available,2749.99,2749.99,medium,low,10,namesilo,,,21/09/2026 06:48
aa7665f2-7ee2-41d5-9c21-3dd8e69d8120,awny.sexy,premium,12500,12500,medium,low,4,name.com,,,08/08/2026 01:25
5e04b539-910a-4eb5-a9f1-31d7045aadee,spice.sexy,premium,13800,13800,high,low,5,namesilo,,,30/09/2026 11:40
58635ff0-3390-4239-bbe7-105f78a7af13,colt.sexy,premium,13800,13800,high,low,4,namesilo,,,28/09/2026 09:25
623597f0-88f6-486c-b6a8-aa77dc5e71e8,weeklong.sexy,available,2749.99,2749.99,medium,low,8,namesilo,,,10/09/2026 05:01
242bb1b5-02e3-4a4f-b659-ae6858abdca7,filaria.sexy,available,2749.99,2749.99,medium,low,7,namesilo,,,18/09/2026 06:14
878ab071-e5f2-4c5e-bb5c-6624b4ed43eb,sweetsop.sexy,available,2749.99,2749.99,medium,low,8,namesilo,,,19/09/2026 10:27
02b8e0ae-6ba0-43f2-991d-a2cb114462c4,expressed.sexy,available,2998,3298,high,low,9,namecheap,,,17/08/2026 18:26
b5f077ad-5a37-4291-b84b-16170c20d52a,ungodly.sexy,available,2749.99,2749.99,medium,low,7,namesilo,,,22/08/2026 05:29
5e0b359e-d961-4641-b642-0eac815cc1ae,notifiable.sexy,available,2749.99,2749.99,medium,low,10,namesilo,,,03/09/2026 22:10
03b86aa0-5132-4017-947a-5e56b660a913,aecium.sexy,available,2749.99,2749.99,medium,low,6,namesilo,,,17/09/2026 12:08
05b084ad-57b4-4b5e-8af6-67f839b52889,harassed.sexy,available,2749.99,2749.99,medium,low,8,namesilo,,,21/08/2026 00:06
f35999b0-2ae1-4ff1-8e76-7514a62e7e61,anglia.sexy,available,2749.99,2749.99,medium,low,6,namesilo,,,19/09/2026 06:45
7bbeb0d2-f7e6-4dce-be9b-5288df63e646,cabrera.sexy,available,2575.18,2575.18,medium,low,7,porkbun,,,29/09/2026 09:57
47813676-f380-4f76-adf5-ccac98222002,compulsory.sexy,available,2998,3298,high,low,10,namecheap,,,23/09/2026 18:17
8a8bedcb-c63b-47ca-afc7-e3f39eadc3e6,lambs.sexy,premium,11000,11000,medium,low,5,dynadot,,,01/10/2026 16:54
edb5ab92-f6a0-41ad-aec5-b31c5bf8024a,playfield.sexy,available,2587.7,2587.7,high,low,9,spaceship,,,02/10/2026 02:59
48097b98-35ae-439f-a716-fa08d254bca5,caligula.sexy,available,2749.99,2749.99,high,low,8,namesilo,,,02/10/2026 04:13
e3052c41-b0e5-4c1f-9b2a-74ee127b258d,adlumia.sexy,available,2998,3298,medium,low,7,namecheap,,,17/09/2026 08:37
937e7743-460a-4400-a84a-a69d67a81a77,amah.sexy,premium,13800,13800,medium,low,4,namesilo,,,18/09/2026 15:37
0ad0b7a1-dc4f-43f0-af6e-ea4bb51e9cf3,fragmental.sexy,available,2749.99,2749.99,medium,low,10,namesilo,,,18/08/2026 14:01
6345afb5-77f4-4c63-8b55-f4e5b048c96d,posed.sexy,premium,13000,13000,high,low,5,namecheap,,,09/09/2026 00:04
07656f43-85d7-4c2f-ad09-de6c73e9fd30,worded.sexy,available,2749.99,2749.99,medium,low,6,namesilo,,,20/09/2026 15:04
4a174b33-5a53-4e03-a985-3b25e2095690,industrialize.sexy,available,2998,3298,medium,low,13,namecheap,,,01/10/2026 08:51
46e042fb-0064-4627-ac9c-dc3fa94b9a33,dopy.sexy,premium,12500,12500,medium,low,4,name.com,,,14/08/2026 16:02
1231effc-a323-4cf7-a013-3b83f69c20a5,wronged.sexy,available,2575.18,2575.18,low,low,7,porkbun,,,02/10/2026 22:02
0f8d3e65-9ae8-40e2-a83f-e152bd95761e,durban.sexy,available,2587.7,2587.7,medium,low,6,spaceship,,,28/09/2026 09:32
49a1bda0-f020-49e6-bc7c-c9de0abd25dd,zealous.sexy,available,2749.99,2749.99,high,low,7,namesilo,,,13/09/2026 15:10
97a1e4fb-8739-445b-93f5-403f721c36fa,rumor.sexy,premium,12500,12500,high,low,5,name.com,,,21/08/2026 02:05
d2740fdd-db38-4fe8-acd9-aee6c42f9eaa,payback.sexy,available,2998,3298,high,low,7,namecheap,,,30/09/2026 10:49
4238ad89-a17d-4257-a1f2-0f3b71c009f5,plated.sexy,available,2749.99,2749.99,high,low,6,namesilo,,,17/09/2026 05:15
37c3a9cf-27a2-4cff-bf83-6a6cdfee83a1,purpleness.sexy,available,2749.99,2749.99,high,medium,10,namesilo,,,09/09/2026 06:23
488802b9-c027-491b-90d5-407bc94cd932,craftily.sexy,available,2749.99,2749.99,medium,low,8,namesilo,,,14/09/2026 09:00
d50f350b-f1ba-4e42-8151-fb4f874edb42,stepaside.sexy,available,2749.99,2749.99,medium,low,10,namesilo,,,16/09/2026 15:09
cc6e3a03-6e7d-48b6-8ba1-1b0cc585d57c,hover.sexy,premium,13800,13800,high,low,5,namesilo,,,30/09/2026 16:49
7a1402e8-03ff-4fef-bc46-04232401c8aa,kristine.sexy,available,2998,3298,medium,low,8,namecheap,,,02/10/2026 19:48
f9872bbe-0279-4ee6-85fe-5ac5a0544720,punctually.sexy,available,2749.99,2749.99,medium,low,10,namesilo,,,14/09/2026 14:45
ad3360e3-d981-4af6-b07d-5ec751407837,higgs.sexy,premium,13800,13800,high,low,5,namesilo,,,29/09/2026 14:20
13821afc-b0d9-46da-bee6-6f2dc0d2f749,bionomics.sexy,available,2749.99,2749.99,medium,low,9,namesilo,,,23/09/2026 18:43
bfd1841c-979e-433b-8f02-3d0b789e7e49,leon.sexy,premium,13800,13800,high,medium,4,namesilo,,,27/09/2026 04:37
8c97451a-8182-4ef2-b033-5f535ac799a0,asura.sexy,premium,13000,13000,medium,low,5,namecheap,,,20/09/2026 18:26
f1dd1a23-fb9d-423f-9ef2-4b9abd4b68d8,paused.sexy,available,2749.99,2749.99,medium,low,6,namesilo,,,18/09/2026 02:16
e1a95558-6a60-40b5-be5a-4a0eba078ae7,undisputed.sexy,available,2749.99,2749.99,high,low,10,namesilo,,,12/09/2026 05:02
c4675d46-cf06-4877-a693-a80173af70dd,amuse.sexy,premium,13800,13800,high,low,5,namesilo,,,30/09/2026 15:02
f82d9644-0b7a-40e8-9d00-e8c0e4ff4c79,ante.sexy,premium,13800,13800,medium,low,4,namesilo,,,19/09/2026 12:39
27d50ed5-0a5b-461c-aefb-d0618679a289,relinquish.sexy,available,2587.7,2587.7,high,low,10,spaceship,,,01/10/2026 21:29
e81064af-69dd-440d-a332-66155ef51f50,conway.sexy,available,2999,2999,high,low,6,name.com,,,25/09/2026 21:36
bd230dc4-4630-4cd6-bff0-c3a398218b70,reverent.sexy,available,2749.99,2749.99,high,low,8,namesilo,,,20/08/2026 16:08
ac7e5a71-ac55-4c85-98d1-d20568184908,astreus.sexy,available,2749.99,2749.99,medium,low,7,namesilo,,,20/09/2026 17:34
4a5194e9-d7e0-483a-9fa9-5078a010c6ed,sally.sexy,premium,10350.2,10350.2,high,low,5,spaceship,,,28/09/2026 20:21
6654324a-05b6-4896-a69a-877ab09fb00f,raiser.sexy,available,2999,2999,medium,low,6,name.com,,,17/09/2026 19:22
e8ec21b7-e923-4f0a-8471-07b3120fa123,deputies.sexy,available,2749.99,2749.99,low,low,8,namesilo,,,29/09/2026 05:37
9e6ed141-e68a-468c-9359-9edfce5f7c7b,advice.sexy,available,2587.7,2587.7,high,low,6,spaceship,,,28/09/2026 19:02
a9f90e29-3287-4ab6-a0dd-e1bf18ae9153,honeycomb.sexy,available,2749.99,2749.99,high,low,9,namesilo,,,02/10/2026 05:20
f2312a6e-b6d9-411a-a322-effae44d14e4,barks.sexy,premium,13800,13800,medium,low,5,namesilo,,,02/10/2026 02:38
942d88c6-8b46-4923-b19a-602f38f9a38e,flatbottom.sexy,available,2749.99,2749.99,medium,low,10,namesilo,,,18/08/2026 06:51
bbc87ac5-c992-4a99-b6c1-c2c9d42e5b4e,sour.sexy,premium,12500,12500,high,low,4,name.com,,,20/08/2026 15:04
11be0b82-32a9-4654-af34-25cebaa2ce70,parent.sexy,available,2587.7,2587.7,high,low,6,spaceship,,,30/09/2026 06:26
5c3693e5-df3c-4673-ac55-a8a3dff06d09,cheetah.sexy,available,2749.99,2749.99,high,low,7,namesilo,,,17/09/2026 01:33
222cbd49-8f2d-481f-861f-016532eb823b,minutely.sexy,available,2749.99,2749.99,medium,low,8,namesilo,,,15/09/2026 15:04
ac8f2aaa-eb6e-43d5-bf42-9108b392bb5d,potbellied.sexy,available,2749.99,2749.99,medium,low,10,namesilo,,,
e2ad3528-8716-4818-9e5c-4e1420ceb428,prolix.sexy,available,2749.99,2749.99,medium,low,6,namesilo,,,09/09/2026 03:04
9a63a640-9acb-4e20-920d-114be263eb68,mei.sexy,premium,25875.2,25875.2,high,low,3,spaceship,,,28/09/2026 10:10
e189ac51-0555-453d-86d3-e15fc188f464,travellers.sexy,available,2749.99,2749.99,medium,low,10,namesilo,,,17/09/2026 22:15
748dafe1-fa61-42b6-8aac-269b411ff723,appetiser.sexy,available,2998,3298,medium,low,9,namecheap,,,19/09/2026 20:48
d62ecc98-5f75-44a5-903e-909f4f047289,iambic.sexy,available,2749.99,2749.99,medium,low,6,namesilo,,,21/08/2026 17:28
4a145b9a-9757-420a-8fa0-7311a363571e,hurricanes.sexy,available,2587.7,2587.7,medium,low,10,spaceship,,,30/09/2026 15:08
93f11939-7401-4ff0-b1de-b17c339d2284,campground.sexy,available,2749.99,2749.99,high,low,10,namesilo,,,24/09/2026 11:56
0f28a70c-fbb9-4718-98fb-4f822fe74606,skirt.sexy,premium,10350.2,10350.2,high,low,5,spaceship,,,29/09/2026 03:43
b5c161fc-c9b8-4988-9907-08bef06a5dad,ultimo.sexy,available,2749.99,2749.99,medium,low,6,namesilo,,,11/09/2026 22:47
49fbcede-24e9-47ff-9f86-56eb590f3ec3,adjectives.sexy,available,2998,3298,medium,low,10,namecheap,,,18/09/2026 16:11
1c5a3325-4d3b-4f28-b6ec-01df03ab950c,surfer.sexy,available,2749.99,2749.99,high,low,6,namesilo,,,30/09/2026 12:34
631aed76-f0e8-4777-abd0-7f8121a3f114,sparkles.sexy,available,2998,3298,high,low,8,namecheap,,,20/09/2026 19:19
34059b7c-d511-41c8-a571-e1ed632fd8c9,skywards.sexy,available,2749.99,2749.99,medium,low,8,namesilo,,,10/09/2026 09:51
87f2b1d6-3bcc-47a0-a4ca-bb0df2734d65,rhetoric.sexy,available,2998,3298,high,low,8,namecheap,,,02/10/2026 04:43
30a2719e-472a-4fbe-94d4-09ba77bf2692,buckshee.sexy,available,2749.99,2749.99,medium,low,8,namesilo,,,11/08/2026 07:33
154e9000-7771-4cf1-901a-edb66f868c11,aboulic.sexy,available,2749.99,2749.99,medium,low,7,namesilo,,,
2151c234-2d53-4aa5-976f-be2d47e7fc8f,nickname.sexy,available,2749.99,2749.99,high,low,8,namesilo,,,24/09/2026 11:25
b09827cb-b4f7-4ab0-9ec8-a1d94ab37ce9,handmade.sexy,available,2749.99,2749.99,high,low,8,namesilo,,,27/09/2026 06:57
3e1ab4d7-ed37-462a-be30-1cba97529521,sorting.sexy,available,2587.7,2587.7,high,low,7,spaceship,,,30/09/2026 02:57
138ba3dc-1b9a-4a80-88fa-94c016c40203,dawes.sexy,premium,13800,13800,medium,low,5,namesilo,,,28/09/2026 09:30
c043b4b5-540a-4fc2-a89c-bf677df10c5e,belief.sexy,available,2749.99,2749.99,high,low,6,namesilo,,,23/09/2026 05:12
0ceb7f80-fd28-45e8-8c62-9032393856d3,whittier.sexy,available,2587.7,2587.7,medium,low,8,spaceship,,,28/09/2026 10:10
6d5bbaca-0bca-4ef6-a452-3369bed56033,swab.sexy,premium,11000,11000,medium,low,4,dynadot,,,03/10/2026 00:23
0fcc1ff9-6623-4a59-be86-2940475041b9,nudity.sexy,available,2587.7,2587.7,medium,low,6,spaceship,,,30/09/2026 02:22
82cb38d4-01c7-45c7-b8ab-914292d30383,piracy.sexy,available,2749.99,2749.99,high,low,6,namesilo,,,01/10/2026 01:12
75634183-e8a6-4216-8170-6c79c9dcd8e0,contextual.sexy,available,2749.99,2749.99,high,low,10,namesilo,,,12/08/2026 23:13
e894299a-e045-41c9-bd0d-701142c0e70a,biro.sexy,premium,13800,13800,medium,low,4,namesilo,,,21/09/2026 23:23
f6e01ca9-7ebf-4841-adab-20e7251e6b50,veronica.sexy,available,2575.18,2575.18,high,low,8,porkbun,,,30/09/2026 02:57
db0efda0-4e90-44b6-b8ee-083fe17ade56,tortious.sexy,available,2998,3298,medium,low,8,namecheap,,,11/09/2026 17:59
38087662-3f94-4cff-b4de-00a5e4b12f00,decorating.sexy,available,2675.22,2675.22,high,low,10,dynadot,,,30/09/2026 04:09
89231176-2fde-4173-be6e-0acfae3e1dd7,iceberg.sexy,available,2749.99,2749.99,high,low,7,namesilo,,,23/09/2026 09:15
d42e6066-70a8-4699-9c18-6ac805aaf0fb,interesting.sexy,available,2749.99,2749.99,high,low,11,namesilo,,,01/10/2026 02:24
a10c77d0-e047-47e1-9824-b4e644c78d8e,natty.sexy,premium,12500,12500,medium,low,5,name.com,,,13/08/2026 17:29
54c06ce1-3b62-43cb-aa29-8b3a9ba68a02,supernal.sexy,available,2749.99,2749.99,medium,low,8,namesilo,,,11/09/2026 02:23
cca643d7-14de-415a-8d05-3b379599fe60,connecticut.sexy,available,2587.7,2587.7,high,low,11,spaceship,,,28/09/2026 03:48
8dfcaf20-4d22-41ae-bb1f-894770afffc7,dorset.sexy,available,2587.7,2587.7,medium,low,6,spaceship,,,27/09/2026 18:47
9d829599-de77-4f78-972c-9cc878090248,mccall.sexy,available,2575.18,2575.18,medium,low,6,porkbun,,,27/09/2026 21:08
795c3ad5-8c6b-4dc0-ad91-11c54ec24aca,echoless.sexy,available,2749.99,2749.99,medium,low,8,namesilo,,,14/08/2026 23:38
2ed7ab1b-a616-49a3-93a3-433b6fcaa438,bmr.sexy,premium,34500,34500,high,low,3,namesilo,,,22/09/2026 09:49
f426f7b2-a4ac-4185-8ee7-e05996838b42,operating.sexy,available,2675.22,2675.22,high,low,9,dynadot,,,02/10/2026 11:45
9fd8244a-8a59-4461-9422-dcfcca09b622,lori.sexy,premium,13800,13800,medium,low,4,namesilo,,,28/09/2026 12:05
cb4dab92-5e4f-424a-bc05-df5eee8110e5,grayer.sexy,available,2749.99,2749.99,medium,low,6,namesilo,,,21/09/2026 02:20
52673a8d-05b3-4be1-a609-48b198cbb04a,luxury.sexy,available,2749.99,2749.99,high,low,6,namesilo,,,30/09/2026 02:20
cd049791-d02f-4719-ad4d-cad14be47a35,olympics.sexy,available,2998,3298,high,low,8,namecheap,,,30/09/2026 06:06
1b325532-1919-43c8-b74c-0c1bbdd71f5b,aesir.sexy,premium,13800,13800,medium,low,5,namesilo,,,17/09/2026 13:23
5806214e-0b2c-44e2-9640-599943a62dec,cca.sexy,premium,34500,34500,high,low,3,namesilo,,,29/09/2026 03:53
b8cbc19f-2a79-4ba7-944b-0c2fce493b15,winner.sexy,available,2587.7,2587.7,high,low,6,spaceship,,,28/09/2026 17:49
fb9e3cd3-5120-45c1-bf54-4c6639cb600c,sustain.sexy,available,2749.99,2749.99,high,low,7,namesilo,,,29/09/2026 02:41
ad01bc91-816f-4da3-91ca-e19b6a8e4975,certification.sexy,available,2998,3298,high,low,13,namecheap,,,30/09/2026 14:36
6c25815a-e0cf-4e8b-b42f-b4205ff79669,survives.sexy,available,2575.18,2575.18,medium,low,8,porkbun,,,29/09/2026 17:53
d29c5123-9bc8-48af-88d6-5d9085496f90,began.sexy,premium,12500,,medium,low,5,name.com,,,
ebcc10a5-4c07-4ca4-8e5e-c42e2e7e97c0,hoo.sexy,premium,32500,32500,medium,low,3,namecheap,,,01/10/2026 06:01
c5d5e5f4-adff-4e77-8c87-f3bc3883041a,apiculture.sexy,available,2749.99,2749.99,medium,low,10,namesilo,,,19/09/2026 15:54
50e05892-55a6-4b12-83d1-9e39b0b119b8,mart.sexy,premium,10350.2,10350.2,high,low,4,spaceship,,,03/10/2026 01:33
65ea5bec-be0b-4561-af15-8e4197d2b417,dictation.sexy,available,2749.99,2749.99,high,low,9,namesilo,,,23/09/2026 13:35
269a6ba0-66ff-4754-a879-715b5bc46a45,aquinas.sexy,available,2749.99,2749.99,medium,low,7,namesilo,,,19/09/2026 23:16
593af992-149e-46ae-8d50-4fb7197b7275,alkyl.sexy,premium,13800,13800,medium,low,5,namesilo,,,18/09/2026 08:34
0f0e01c6-63ff-40d8-bac4-cc730ae6ab2a,stanton.sexy,available,2749.99,2749.99,high,low,7,namesilo,,,25/09/2026 05:30
c41751f5-0b33-4688-a16d-a6c81a4a359b,winning.sexy,available,2749.99,2749.99,high,low,7,namesilo,,,24/09/2026 17:37
73e583f9-24ba-4988-ac96-f9b53fbfd9ac,tribunal.sexy,available,2749.99,2749.99,high,low,8,namesilo,,,30/09/2026 01:07
9bf28708-872e-47c3-9f2c-d46b50b5c1e7,gst.sexy,premium,34500,34500,medium,low,3,namesilo,,,30/09/2026 23:01
59cf5721-c741-4d52-a301-7bff6f9622c2,overarching.sexy,available,2675.22,2675.22,high,low,11,dynadot,,,30/09/2026 20:07
346218b5-7bf6-41ee-8d7a-c855e7b708f5,gamba.sexy,premium,13800,13800,medium,low,5,namesilo,,,22/09/2026 11:54
22710b6f-48b1-4332-9129-c55549ee653d,explain.sexy,available,2587.7,2587.7,high,low,7,spaceship,,,30/09/2026 19:34
c3c83326-74b4-4b55-ae50-2c8be6e77e36,bound.sexy,premium,13800,13800,high,low,5,namesilo,,,22/09/2026 07:27
3a6bfd69-5f05-4e6d-b07b-91bc555ee179,societal.sexy,available,2749.99,2749.99,high,medium,8,namesilo,,,10/09/2026 13:11
c56a8507-f0b5-423c-bc6b-49ae8f7a9563,wolfbane.sexy,available,2749.99,2749.99,medium,low,8,namesilo,,,17/09/2026 02:09
ee29cb47-eabb-4c3a-8baf-ebaf13aeb28b,nihilist.sexy,available,2749.99,2749.99,medium,low,8,namesilo,,,19/09/2026 02:26
3d3dbd49-049a-4e65-87fd-141dcea873a3,stewardess.sexy,available,2998,3298,high,low,10,namecheap,,,17/09/2026 22:26
b9c4148c-00ca-486d-b5dc-df7dd60a34fa,siris.sexy,premium,13000,13000,high,low,5,namecheap,,,18/09/2026 03:05
a9320af6-19d1-493c-9482-f0c67d30f948,malice.sexy,available,2587.7,2587.7,high,low,6,spaceship,,,30/09/2026 17:58
39c12bb8-c134-4b9e-b3d0-f5c01730903b,asuncion.sexy,available,2999,2999,high,low,8,name.com,,,20/09/2026 18:23
1ed04d44-36b3-489b-b368-a5384e73f2a0,hypertonic.sexy,available,2749.99,2749.99,medium,low,10,namesilo,,,21/08/2026 16:56
c48e040e-f029-4d55-8309-3c0e75dbcac2,busts.sexy,premium,10350.2,10350.2,medium,low,5,spaceship,,,02/10/2026 12:21
55b29e59-9cfd-468f-a1cf-3eebd7b403f8,poached.sexy,available,2749.99,2749.99,medium,low,7,namesilo,,,10/08/2026 17:34
681cb69b-5180-4509-8a26-cbadf93fbc75,decay.sexy,premium,13800,13800,high,low,5,namesilo,,,29/09/2026 13:27
eda1148b-84b0-44a8-acbc-c4100edbda96,levine.sexy,available,2749.99,2749.99,medium,low,6,namesilo,,,25/09/2026 16:14
2e87436d-c14f-43dd-870b-81299f6fe541,sweeter.sexy,available,2587.7,2587.7,medium,low,7,spaceship,,,02/10/2026 13:05
d576522c-a60a-4229-a89a-6ea317340e16,creators.sexy,available,2587.7,2587.7,high,medium,8,spaceship,,,02/10/2026 22:30
d5886cb8-5b57-4626-9c5b-7dbe55d12a63,demonstrative.sexy,available,2749.99,2749.99,medium,low,13,namesilo,,,03/10/2026 03:10
4964b3b8-f785-4c50-b4c2-07ead8632266,corking.sexy,available,2749.99,2749.99,high,low,7,namesilo,,,08/08/2026 12:20
8c1fef01-612f-4e91-a73c-f0016e79cb2c,pseudonym.sexy,available,2998,3298,high,low,9,namecheap,,,19/09/2026 11:33
880ac0a0-fe6f-4161-b3aa-9a928e612294,zest.sexy,premium,13800,13800,high,low,4,namesilo,,,29/09/2026 21:50
d329600d-d99b-415c-a2e4-810c628fa97b,pariah.sexy,available,2998,3298,medium,low,6,namecheap,,,04/09/2026 19:07
21abdf2e-3b6a-40ea-b52a-bf21fafe95aa,million.sexy,available,2998,3298,high,low,7,namecheap,,,25/09/2026 20:09
53dcdcfb-89de-456a-b3de-5f5f192d4a21,singer.sexy,available,2749.99,2749.99,high,low,6,namesilo,,,25/09/2026 23:13
c305fabd-b3f0-4833-8628-077092b80ae8,sire.sexy,premium,13800,13800,high,low,4,namesilo,,,28/09/2026 14:08
22a89f7b-0aa8-4736-a90d-cdadc447c03d,pistons.sexy,available,2749.99,2749.99,medium,low,7,namesilo,,,01/10/2026 00:56
c353a565-5cf1-4ce5-867c-3d5f9a41a747,cta.sexy,premium,25875.2,25875.2,high,low,3,spaceship,,,29/09/2026 22:44
9f0b6e1b-a6c5-4664-8acd-a508d2aca6d6,wavy.sexy,premium,12500,12500,high,low,4,name.com,,,13/08/2026 06:54
4c47102c-205f-413d-9344-1939669b95ba,bracelet.sexy,available,2998,3298,high,low,8,namecheap,,,22/09/2026 01:56
3fe16f83-f9bf-4990-8740-fb385b2b7914,algren.sexy,available,2749.99,2749.99,medium,low,6,namesilo,,,18/09/2026 07:18
db587b4b-736f-4bfd-9b7d-aa7628fd2bda,gerry.sexy,premium,13800,13800,medium,low,5,namesilo,,,25/09/2026 15:41
34e55082-8cba-4a1f-a0dc-0077dda74c00,freaky.sexy,available,2749.99,2749.99,high,low,6,namesilo,,,10/08/2026 10:01
bc8782cb-3cff-4e91-a707-976b87bacbcb,uri.sexy,premium,27291.98,27291.98,high,low,3,porkbun,,,28/09/2026 21:32
367937ba-2d32-4bdb-be14-5322ef84b2fe,arrays.sexy,available,2749.99,2749.99,medium,low,6,namesilo,,,20/09/2026 09:17
dcc494c1-9b8d-4460-96e4-386f7d4dcd07,communism.sexy,available,2749.99,2749.99,high,low,9,namesilo,,,24/09/2026 16:38
3bb48d7d-8d7f-47e2-b3f8-8b8cef3c3b5d,blanc.sexy,premium,13800,13800,high,low,5,namesilo,,,24/09/2026 03:47
c695b495-56de-4bab-a050-7e0113f0eb3e,broadwise.sexy,available,2749.99,2749.99,medium,low,9,namesilo,,,14/09/2026 01:26
16c21c92-3fce-46da-8f2e-9f942d71d965,yuba.sexy,premium,13800,13800,medium,low,4,namesilo,,,30/09/2026 21:58
4b9e5628-0474-472a-afd1-9920b3154f7b,attlee.sexy,available,2749.99,2749.99,medium,low,6,namesilo,,,16/09/2026 12:16
57cd4c86-72de-4019-9c1a-83ec4515328b,opponents.sexy,available,2575.18,2575.18,low,low,9,porkbun,,,29/09/2026 16:42
3398ffcd-8ec9-41c8-9d49-73aff4793f22,intruders.sexy,available,2587.7,2587.7,medium,low,9,spaceship,,,02/10/2026 23:29
6edb2c5d-f75c-4ab0-89c8-b576603ab54a,sight.sexy,premium,13000,13000,high,low,5,namecheap,,,25/09/2026 20:56
2032b797-dbbc-465c-b284-a8eeeb8e56f3,pains.sexy,premium,10917.11,10917.11,high,low,5,porkbun,,,28/09/2026 06:29
f4bce3e5-e83a-47a8-b845-8c37da56ab0b,holocene.sexy,available,2749.99,2749.99,medium,low,8,namesilo,,,09/09/2026 11:21
8e95b5c0-cce3-4aa0-bdd7-82696429c8e4,wwf.sexy,premium,34500,34500,high,low,3,namesilo,,,29/09/2026 15:10
4994c47c-c824-4d9b-92c4-c9205b0baf40,diametral.sexy,available,2749.99,2749.99,medium,low,9,namesilo,,,14/08/2026 05:54
6038efcf-edb7-4625-a568-37395bdd1cdb,roughhewn.sexy,available,2998,3298,high,medium,9,namecheap,,,09/09/2026 19:00
9592f49d-5eb8-4bbd-a1f8-b2f8517aed4b,chicness.sexy,available,2749.99,2749.99,medium,low,8,namesilo,,,12/08/2026 04:44
ccb1fbcb-1bf0-4dd0-b96e-ef3905374127,sumatra.sexy,available,2587.7,2587.7,medium,low,7,spaceship,,,02/10/2026 16:53
128b9c80-13d6-4a51-b072-1ac6f3eeef27,unrealized.sexy,available,2749.99,2749.99,medium,low,10,namesilo,,,12/09/2026 11:00
8ef99909-bd5c-400a-9d15-3296c3fb8ad7,tireless.sexy,available,2749.99,2749.99,high,low,8,namesilo,,,21/08/2026 00:49
4830bb23-4040-4c34-a61b-b721945dccf5,herat.sexy,premium,10350.2,10350.2,medium,low,5,spaceship,,,01/10/2026 19:57
70a81120-5279-40f5-be6a-bfdfc83091d7,walnut.sexy,available,2675.22,2675.22,high,medium,6,dynadot,,,28/09/2026 20:45
de662b53-e363-4721-accc-1a5fbdbb12b3,cxxxv.sexy,available,2749.99,2749.99,medium,low,5,namesilo,,,
25abce56-00af-4066-800f-2ba11f8166c4,wyoming.sexy,available,2749.99,2749.99,high,low,7,namesilo,,,29/09/2026 06:48
5b3ac8c9-f96e-48dd-80bd-a127db5ef31d,estimates.sexy,available,2998,3298,medium,low,9,namecheap,,,20/09/2026 04:10
cdfbd10c-372e-4239-9729-b89bf9275c14,lewd.sexy,premium,12500,12500,high,low,4,name.com,,,22/08/2026 20:07
11715add-8008-40d0-896a-2e4bd8741a1f,barytes.sexy,available,2998,3298,medium,low,7,namecheap,,,22/09/2026 06:13
b7c9fa35-7f7b-455c-a1b8-975d805b2463,heralded.sexy,available,2749.99,2749.99,medium,low,8,namesilo,,,21/08/2026 06:51
b4f32c5a-111e-4b41-b619-0fc066033b9e,african.sexy,available,2749.99,2749.99,high,low,7,namesilo,,,
7085451d-f3ba-4322-83da-ae8e9154b582,unions.sexy,available,2575.18,2575.18,high,low,6,porkbun,,,30/09/2026 00:35
2e5fe1c0-79f3-4af2-b5dd-62708c7822c3,forman.sexy,available,2575.18,2575.18,medium,low,6,porkbun,,,29/09/2026 09:59
58e36a6d-44c5-4237-b072-e29b804ce913,spirally.sexy,available,2749.99,2749.99,medium,low,8,namesilo,,,16/09/2026 06:13
8e58c6b1-96c3-40ef-80f3-0034b920ebf6,steamy.sexy,available,2749.99,2749.99,high,low,6,namesilo,,,21/08/2026 14:12
8a75c4c1-a4ad-4c83-b27a-54a5ef3bc984,manifested.sexy,available,2749.99,2749.99,medium,low,10,namesilo,,,30/09/2026 06:51
a774ce27-1dcb-4e10-a2bd-fc2c564d28aa,amazonas.sexy,available,2749.99,2749.99,medium,low,8,namesilo,,,01/10/2026 23:42
f05b7f4d-43c7-4cfd-8280-2faf55348dec,valerie.sexy,available,2998,3298,high,low,7,namecheap,,,26/09/2026 03:44
f9673b6a-9484-4d5a-87a1-f5b75a91f90c,angina.sexy,available,2749.99,2749.99,medium,low,6,namesilo,,,19/09/2026 06:08
ad7b24db-4fe3-40a6-97f5-dbfd2d4520ca,screwed.sexy,available,2749.99,2749.99,medium,low,7,namesilo,,,28/09/2026 15:59
2fcf139b-7720-4171-bacf-0097a510a474,limitation.sexy,available,2749.99,2749.99,medium,low,10,namesilo,,,30/09/2026 03:01
729bb737-0428-40ab-8635-8f0f0d9980b3,flights.sexy,available,2749.99,2749.99,high,low,7,namesilo,,,18/09/2026 23:36
2ba6669c-81c8-4520-a3f6-5e46b17f6543,anaglyphic.sexy,available,2749.99,2749.99,medium,low,10,namesilo,,,
61817aa0-cd81-47bf-a753-2f5f54dc59ed,slipped.sexy,available,2749.99,2749.99,high,low,7,namesilo,,,18/09/2026 02:25
9735599a-dc52-43bf-8fc8-5cd8e7b9da2e,eastbound.sexy,available,2749.99,2749.99,high,low,9,namesilo,,,14/08/2026 22:50
2a55b47c-89d8-40e4-9de0-4572282ad819,stylized.sexy,available,2749.99,2749.99,high,low,8,namesilo,,,08/09/2026 05:30
9ed26c33-8ebe-4c3a-aadf-ec37c09d060f,rigging.sexy,available,2587.7,2587.7,high,low,7,spaceship,,,30/09/2026 18:31
e79934f0-7054-4eca-9213-d1e088b057cc,guessed.sexy,available,2587.7,2587.7,low,low,7,spaceship,,,29/09/2026 11:03
0af03249-c019-4432-85a7-e55de52ea9c5,marseille.sexy,available,2998,3298,high,low,9,namecheap,,,03/10/2026 01:34
84dc42c4-817e-43e8-9856-22a4429bcb07,physics.sexy,available,2675.22,2675.22,high,low,7,dynadot,,,02/10/2026 23:51
2109af37-5b46-4c9c-8e00-989ff9461e93,writings.sexy,available,2587.7,2587.7,high,low,8,spaceship,,,30/09/2026 01:48
a298ab4e-76c3-46c4-bfef-957f002fb20a,lamps.sexy,premium,13800,13800,medium,low,5,namesilo,,,29/09/2026 11:04
a56f0663-5712-4287-bad6-1b09797d8108,brook.sexy,premium,11000,11000,high,low,5,dynadot,,,29/09/2026 04:32
b8f4e656-506b-4ec4-a6a5-ddb929af9f1d,ironclad.sexy,available,2749.99,2749.99,high,low,8,namesilo,,,11/08/2026 02:30
00a254f9-4437-46c3-b257-2f78bf895f21,baby.sexy,premium,10350.2,10350.2,high,low,4,spaceship,,,29/09/2026 00:03
9c00af22-02a6-4ced-ba19-9ef1426277a5,pullman.sexy,available,2587.7,2587.7,high,low,7,spaceship,,,01/10/2026 21:24
4f4c8ed6-6c96-4a43-b7f7-0f63e5190c3b,babka.sexy,premium,13800,13800,high,low,5,namesilo,,,21/09/2026 12:47
e000f0b1-786b-49de-a639-eb79dc1edab3,nixon.sexy,premium,11000,11000,high,low,5,dynadot,,,28/09/2026 10:34
1f94e71a-1781-4fc3-9bd0-7d48d7ad92e1,service.sexy,available,2998,3298,high,medium,7,namecheap,,,01/10/2026 05:32
e58d92fd-f9f3-4c61-a1d3-f06efcb88ee6,oratorical.sexy,available,2749.99,2749.99,medium,low,10,namesilo,,,04/09/2026 17:30
7835fa69-5611-4e9a-8905-29543d0039a7,emt.sexy,premium,25875.2,25875.2,high,low,3,spaceship,,,02/10/2026 17:52
623f2d81-4670-48dc-9332-13b54135f629,allergenic.sexy,available,2749.99,2749.99,high,low,10,namesilo,,,
4ef58cf4-11d3-4d25-9189-937fbb5c94da,affixed.sexy,available,2749.99,2749.99,high,low,7,namesilo,,,
3fc66494-57a3-457d-bd1f-416f5dc7d96e,cellini.sexy,available,2749.99,2749.99,medium,low,7,namesilo,,,23/09/2026 08:47
4de51a33-2807-4734-a3f6-bf466ca36b93,mitral.sexy,available,2749.99,2749.99,medium,low,6,namesilo,,,25/08/2026 02:10
7d21d0be-e960-46ff-8b1d-dadca8caabcd,tidal.sexy,premium,13000,13000,high,low,5,namecheap,,,11/09/2026 15:34
1b456160-7a9f-49cd-9bcf-ba4573f0b11c,stockpile.sexy,available,2998,3298,high,low,9,namecheap,,,10/09/2026 20:52
d30dcd28-51d6-4332-8dde-1acc42386d45,blithe.sexy,available,2749.99,2749.99,high,low,6,namesilo,,,10/08/2026 14:37
8785c253-4268-4320-b8fa-9573f34ac0ad,oshkosh.sexy,available,2575.18,2575.18,high,low,7,porkbun,,,29/09/2026 15:52
6bed728e-9322-4269-b6d2-047e0de71e50,testimonial.sexy,available,2587.7,2587.7,high,low,11,spaceship,,,01/10/2026 22:39
c2df41c0-fe90-4a69-8f2e-56c6b5be2d99,grouping.sexy,available,2998,3298,high,low,8,namecheap,,,29/09/2026 21:36
795f47ac-267e-41f5-930d-80620b3ec9c8,sound.sexy,premium,10350.2,10350.2,high,medium,5,spaceship,,,02/10/2026 13:34
6503001d-4354-4058-89d2-e1ba2d72a876,magnetised.sexy,available,2749.99,2749.99,medium,low,10,namesilo,,,24/08/2026 13:06
b5b060fe-f2c0-4bac-a2a6-683ca029d09d,wayward.sexy,available,2749.99,2749.99,medium,low,7,namesilo,,,13/09/2026 08:49
3aa9b5ff-0657-493e-88c2-b84076bdc888,joining.sexy,available,2749.99,2749.99,high,low,7,namesilo,,,25/09/2026 23:20
93d73f7d-6353-4e93-ac6f-17b9bd7bbbd0,bewitching.sexy,available,2998,3298,high,low,10,namecheap,,,09/08/2026 18:19
162384a5-5b0e-43fb-a712-b7a419af30fb,nonsocial.sexy,available,2998,3298,medium,low,9,namecheap,,,03/09/2026 19:18
9e479f48-5d4e-405e-8a41-c6f763b8556d,cancellation.sexy,available,2749.99,2749.99,medium,low,12,namesilo,,,29/09/2026 10:21
89bd46a2-a89e-4627-bfab-8614a1b28de5,ironical.sexy,available,2749.99,2749.99,medium,low,8,namesilo,,,22/08/2026 10:06
c387ccc8-337b-4bc9-a32a-842f12a953b1,cohort.sexy,available,2749.99,2749.99,high,low,6,namesilo,,,17/09/2026 16:45
d631993c-5d07-493a-b003-8a8aafca4170,fighting.sexy,available,2998,3298,high,low,8,namecheap,,,24/09/2026 18:04
8ec8fc11-3c0b-4438-9da6-6a5658ed2627,trimly.sexy,available,2749.99,2749.99,medium,low,6,namesilo,,,16/09/2026 09:29
f1861034-156e-4a99-bf13-da8a76ab9bce,macmillan.sexy,available,2998,3298,high,low,9,namecheap,,,25/09/2026 12:59
e258dd2d-afd5-474d-9c36-2ddd30e47334,indulging.sexy,available,2749.99,2749.99,high,low,9,namesilo,,,05/09/2026 00:26
a141e03e-23a0-4716-b8e8-567bdfa5a11a,holmes.sexy,available,2749.99,2749.99,high,low,6,namesilo,,,20/09/2026 10:51
c08b50c4-113d-4405-8bd5-ed9e74f5e2a4,goby.sexy,premium,13800,13800,medium,low,5,namesilo,,,16/09/2026 16:23
37d75af6-d651-46cc-83bb-317bb267b7e1,remain.sexy,available,2587.7,2587.7,high,low,6,spaceship,,,30/09/2026 11:54
d6490e20-7f3a-4006-bf4e-1695bf24966d,uda.sexy,premium,27500,27500,high,low,3,dynadot,,,03/10/2026 02:18
33ee0386-bf9d-48dd-906b-5ed97f6f37e0,cytologic.sexy,available,2999,2999,medium,low,9,name.com,,,13/08/2026 14:39
6d04aae4-49b6-4071-b4e4-a3005b08459c,conifer.sexy,available,2998,3298,high,low,7,namecheap,,,01/10/2026 01:33
3ebac6fa-900b-4a6b-b4d7-5219bd36f919,lamplit.sexy,available,2998,3298,medium,low,7,namecheap,,,22/08/2026 19:11
be18c22a-3139-4554-9256-29efe0675bfe,amok.sexy,premium,12500,12500,high,low,4,name.com,,,
a05db8ca-56ce-4ec3-b9a3-e39623bebcfa,banister.sexy,available,2999,2999,medium,low,8,name.com,,,22/09/2026 00:28
2eae42bc-3239-4be4-9862-b550cb48bf0e,digitally.sexy,available,2587.7,2587.7,high,low,9,spaceship,,,01/10/2026 20:08
178ff992-7263-48f4-988c-c9b2230d9647,jihadi.sexy,available,2749.99,2749.99,medium,low,6,namesilo,,,22/08/2026 13:21
878dc78b-735d-4fba-82e9-b44ee8fe2141,firefighters.sexy,available,2749.99,2749.99,medium,low,12,namesilo,,,01/10/2026 00:47
483826ea-94e1-495c-9cc3-bdb4368265d9,focuses.sexy,available,2998,3298,medium,low,7,namecheap,,,20/09/2026 21:43
b0a4ee52-e626-47af-881f-026649000644,subaquatic.sexy,available,2749.99,2749.99,medium,low,10,namesilo,,,10/09/2026 23:28
5d35a45e-069d-415d-926a-bd772cc6094b,cellphone.sexy,available,2749.99,2749.99,high,low,9,namesilo,,,24/09/2026 13:27
b5f9bdd4-6dde-4cee-81e8-28d58159e18f,spilled.sexy,available,2587.7,2587.7,low,low,7,spaceship,,,28/09/2026 23:49
00269b83-7870-4216-8ec9-ad494701012c,demise.sexy,available,2749.99,2749.99,high,low,6,namesilo,,,14/08/2026 21:56
333065cd-4494-43cc-b738-1346eced2972,oversewn.sexy,available,2749.99,2749.99,medium,low,8,namesilo,,,04/09/2026 21:48
59648165-2bfb-4f45-a29a-42aaafe3c5df,psychologist.sexy,available,2998,3298,high,low,12,namecheap,,,01/10/2026 00:51